Hora,Tiempo,Izquierda_S1,Izquierda_S2,Izquierda_S3,Izquierda_S4,Izquierda_S5,Izquierda_S6,Izquierda_S7,Izquierda_S8
18:32:24.609611,153339,349,634,530,643,832,767,876,537
18:32:24.612666,153349,348,633,530,642,832,766,875,537
18:32:24.615090,153359,349,634,531,642,832,767,876,538
18:32:24.615090,153369,349,634,530,642,832,767,876,539
18:32:24.675479,153379,350,635,531,643,832,768,877,539
18:32:24.680825,153389,351,634,532,642,832,767,876,539
18:32:24.683573,153399,353,635,532,643,832,768,876,540
18:32:24.688419,153409,353,635,534,643,833,767,876,540
18:32:24.692729,153419,354,635,534,643,833,767,876,541
18:32:24.763627,153430,355,636,536,643,832,768,876,541
18:32:24.763627,153439,356,637,538,644,832,768,876,542
18:32:24.775756,153449,357,637,539,644,833,768,876,541
18:32:24.781221,153459,358,638,540,644,833,769,876,542
18:32:24.782259,153469,361,639,540,645,833,769,876,542
18:32:24.784992,153479,362,640,541,645,834,769,876,542
18:32:24.791609,153489,365,641,542,645,834,769,877,542
18:32:24.796709,153499,368,643,544,646,834,769,876,542
18:32:24.801518,153509,370,644,544,646,834,769,876,541
18:32:24.805206,153519,373,644,545,646,834,768,875,541
18:32:24.807221,153529,375,646,546,646,835,768,875,541
18:32:24.811449,153539,377,647,548,648,836,767,875,541
18:32:24.813441,153549,380,649,549,648,836,768,875,540
18:32:24.815180,153559,383,649,550,648,836,767,874,540
18:32:24.817025,153569,385,651,551,649,837,767,874,539
18:32:24.877167,153579,387,652,552,649,838,768,874,538
18:32:24.880321,153589,390,654,553,650,838,766,874,538
18:32:24.882665,153600,392,656,553,650,838,766,873,536
18:32:24.888097,153609,393,659,554,650,838,766,873,536
18:32:24.894363,153619,395,658,554,651,839,766,872,536
18:32:24.899835,153629,397,660,554,652,839,766,872,535
18:32:24.903616,153639,398,662,555,652,839,766,872,535
18:32:24.907046,153649,401,664,555,652,840,766,871,535
18:32:24.910694,153659,402,665,555,652,840,765,871,535
18:32:24.916423,153669,404,667,555,652,841,765,871,535
18:32:24.977987,153679,405,667,555,652,841,765,871,535
18:32:24.977987,153689,406,668,556,652,841,764,870,535
18:32:24.983387,153699,409,669,556,652,842,764,871,534
18:32:24.985844,153709,409,670,557,653,841,764,870,533
18:32:24.987983,153719,411,670,557,653,841,764,870,533
18:32:25.042180,153729,411,671,558,653,841,764,870,532
18:32:25.043459,153739,413,671,558,654,842,764,870,532
18:32:25.043459,153749,413,672,559,653,842,764,870,532
18:32:25.052816,153759,414,671,559,654,842,764,870,532
18:32:25.054344,153769,414,672,560,654,843,764,870,532
18:32:25.058870,153779,415,672,560,654,842,764,870,531
18:32:25.061540,153789,416,672,560,655,842,764,870,531
18:32:25.063916,153799,416,672,560,654,842,764,869,532
18:32:25.064579,153809,417,673,559,654,842,765,871,532
18:32:25.064579,153819,417,673,559,656,843,763,869,531
18:32:25.095435,153829,418,673,560,654,842,764,869,531
18:32:25.105643,153839,419,674,559,654,842,764,869,530
18:32:25.107791,153849,420,674,559,654,842,764,869,530
18:32:25.111005,153859,420,674,560,654,843,764,869,530
18:32:25.113633,153869,421,674,560,654,842,764,870,530
18:32:25.153905,153879,422,675,560,655,842,764,869,530
18:32:25.157396,153889,422,675,560,655,843,763,870,530
18:32:25.159796,153900,423,675,561,654,843,764,869,529
18:32:25.162161,153909,423,674,560,655,842,764,870,530
18:32:25.163664,153919,423,675,561,655,843,763,869,530
18:32:25.209902,153929,424,674,560,655,842,764,870,530
18:32:25.213501,153939,424,675,560,654,842,764,869,531
18:32:25.216350,153949,424,674,560,654,843,764,872,532
18:32:25.219645,153959,423,674,561,654,842,764,870,532
18:32:25.222543,153969,423,674,560,654,841,764,871,532
18:32:25.259923,153979,423,673,560,654,842,765,871,532
18:32:25.262139,153989,423,673,560,654,843,764,870,532
18:32:25.264704,153999,423,675,561,655,843,766,871,532
18:32:25.268833,154009,422,673,559,653,841,764,870,532
18:32:25.278609,154019,422,673,558,653,841,764,871,532
18:32:25.303607,154029,422,673,558,653,842,766,872,533
18:32:25.309843,154039,422,673,558,653,842,764,871,533
18:32:25.313629,154049,422,673,557,653,841,765,871,533
18:32:25.315980,154059,422,673,557,653,842,764,871,534
18:32:25.318233,154070,422,673,557,653,841,764,870,533
18:32:25.373171,154099,422,673,557,653,841,765,871,534
18:32:25.376201,154109,422,673,557,653,842,765,871,534
18:32:25.379643,154119,422,673,557,654,841,764,870,534
18:32:25.381680,154129,422,673,557,653,842,765,870,534
18:32:25.441885,154139,422,673,556,653,841,764,870,534
18:32:25.445996,154149,422,673,557,654,843,765,872,534
18:32:25.448229,154159,423,673,557,654,843,766,872,534
18:32:25.449234,154169,422,673,557,653,841,764,870,534
18:32:25.452126,154179,422,673,556,653,841,764,870,533
18:32:25.509530,154189,422,672,556,653,842,764,870,534
18:32:25.511428,154199,422,672,557,654,842,764,870,535
18:32:25.513469,154209,422,672,556,653,841,764,870,533
18:32:25.515227,154219,422,671,556,653,841,764,871,533
18:32:25.517993,154229,422,671,556,654,841,764,870,533
18:32:25.575443,154240,423,671,556,653,841,764,870,534
18:32:25.578365,154249,423,672,556,654,843,766,872,535
18:32:25.581813,154259,422,671,556,653,841,764,871,533
18:32:25.584920,154269,421,671,556,653,840,765,871,534
18:32:25.587976,154279,421,670,556,653,841,764,871,534
18:32:25.590917,154289,421,670,555,653,840,764,871,534
18:32:25.593609,154299,420,670,554,653,840,764,870,534
18:32:25.593609,154309,421,669,554,653,840,765,871,534
18:32:25.599768,154319,420,669,554,653,840,764,871,534
18:32:25.602307,154329,419,669,553,653,840,765,871,535
18:32:25.658694,154339,419,669,553,653,840,765,872,535
18:32:25.661951,154349,418,668,553,653,840,765,871,534
18:32:25.663455,154359,417,668,551,652,840,764,871,533
18:32:25.665735,154369,417,666,551,652,840,764,871,533
18:32:25.665735,154379,417,665,549,651,840,762,871,532
18:32:25.670101,154389,416,664,549,650,839,762,870,530
18:32:25.672827,154399,414,663,547,650,839,762,870,527
18:32:25.674872,154409,413,661,545,648,838,760,869,526
18:32:25.677215,154419,413,660,542,648,838,759,868,524
18:32:25.683806,154429,411,658,539,646,837,758,868,521
18:32:25.743848,154439,410,655,537,645,836,757,868,519
18:32:25.743848,154449,406,653,533,644,835,756,867,517
18:32:25.743848,154459,401,649,530,642,834,755,867,515
18:32:25.757255,154469,394,645,527,640,832,754,867,514
18:32:25.762182,154479,384,640,523,636,830,754,868,513
18:32:25.766845,154489,375,634,519,633,827,754,868,512
18:32:25.769314,154499,366,628,513,628,824,754,869,514
18:32:25.770354,154509,357,623,506,623,822,754,870,515
18:32:25.772747,154519,348,617,498,617,819,754,870,517
18:32:25.774823,154529,340,610,490,610,816,753,872,520
18:32:25.844542,154540,333,602,481,603,813,753,872,522
18:32:25.849842,154549,327,595,470,596,810,752,872,525
18:32:25.856828,154559,321,586,459,590,806,750,872,528
18:32:25.864455,154569,315,576,446,583,802,748,872,530
18:32:25.867512,154579,310,564,432,576,799,747,872,532
18:32:25.868535,154589,302,552,416,570,795,745,872,534
18:32:25.873556,154599,296,539,399,562,791,744,873,535
18:32:25.876451,154609,288,525,381,555,787,742,872,537
18:32:25.878507,154619,282,512,363,547,784,739,872,538
18:32:25.878507,154629,277,498,346,540,781,737,871,537
18:32:25.903543,154639,272,486,331,534,777,735,871,539
18:32:25.911033,154649,268,476,317,527,775,735,871,539
18:32:25.913896,154659,263,466,301,519,770,731,870,540
18:32:25.917276,154669,259,456,288,513,767,730,869,540
18:32:25.919703,154679,254,447,275,507,765,729,869,542
18:32:25.974554,154689,247,438,264,501,762,728,869,544
18:32:25.978543,154699,238,426,253,496,758,727,869,546
18:32:25.982054,154710,230,414,242,490,755,727,869,548
18:32:25.983663,154719,219,404,233,486,753,729,871,551
18:32:25.988183,154729,208,393,225,481,749,730,871,554
18:32:26.016637,154739,194,380,218,478,748,732,873,556
18:32:26.025929,154749,180,369,212,476,746,734,874,558
18:32:26.026449,154759,166,355,209,474,745,738,876,560
18:32:26.026449,154769,150,343,206,473,744,742,879,563
18:32:26.033509,154779,136,332,205,472,743,746,880,565
18:32:26.066317,154789,123,322,206,472,743,750,881,566
18:32:26.089595,154799,111,315,209,472,743,753,884,567
18:32:26.097574,154809,100,308,211,472,743,757,885,568
18:32:26.105639,154819,91,303,215,472,744,761,886,567
18:32:26.110965,154829,81,299,216,471,744,764,888,565
18:32:26.123525,154839,74,297,221,472,745,768,888,563
18:32:26.126286,154849,67,297,227,472,746,771,891,561
18:32:26.128553,154859,61,299,233,474,749,776,892,560
18:32:26.131739,154869,55,305,245,476,752,781,893,558
18:32:26.137618,154880,50,313,259,482,756,787,896,556
18:32:26.193464,154889,45,322,276,487,760,793,899,556
18:32:26.202021,154899,40,334,295,495,766,800,902,554
18:32:26.209503,154909,38,350,319,505,773,808,905,555
18:32:26.213917,154919,34,367,345,519,781,815,908,557
18:32:26.219072,154929,30,384,375,535,787,823,910,558
18:32:26.221433,154939,27,402,405,551,792,830,912,559
18:32:26.223486,154949,25,419,437,569,797,835,915,560
18:32:26.226537,154959,23,434,469,587,802,840,915,559
18:32:26.230909,154969,25,451,500,604,806,844,916,558
18:32:26.235500,154979,32,469,528,620,813,846,917,559
18:32:26.240551,154989,43,491,553,633,822,851,917,561
18:32:26.309518,154999,58,512,572,644,826,851,917,563
18:32:26.313745,155009,80,537,588,655,833,851,917,568
18:32:26.315968,155019,105,560,603,663,838,852,917,571
18:32:26.320108,155029,132,584,614,670,843,853,918,574
18:32:26.322450,155039,160,606,624,675,848,853,917,577
18:32:26.391872,155049,189,626,632,679,852,852,916,578
18:32:26.393853,155059,215,647,638,682,856,851,916,578
18:32:26.393853,155069,239,666,642,684,859,850,915,578
18:32:26.393853,155079,261,683,645,686,862,849,913,578
18:32:26.401458,155089,282,698,647,686,864,847,912,576
18:32:26.403482,155099,303,713,648,686,866,846,912,573
18:32:26.405619,155109,323,725,647,686,867,844,910,569
18:32:26.408462,155119,343,735,647,685,869,843,909,564
18:32:26.414661,155129,363,744,647,685,870,840,907,557
18:32:26.421594,155139,382,753,648,685,872,837,904,547
18:32:26.428862,155149,400,758,648,686,873,833,901,535
18:32:26.436724,155159,418,765,649,687,874,829,899,522
18:32:26.440124,155169,438,770,650,689,876,825,896,508
18:32:26.449515,155180,457,777,653,690,877,821,892,495
18:32:26.454791,155189,476,783,655,693,879,818,890,480
18:32:26.515203,155199,497,788,659,697,880,814,887,467
18:32:26.522787,155209,520,794,665,703,882,810,883,453
18:32:26.528763,155219,543,800,672,711,887,808,880,438
18:32:26.533927,155229,564,804,678,717,887,800,872,418
18:32:26.536192,155239,585,808,685,725,889,792,865,397
18:32:26.538688,155249,604,812,692,732,892,785,858,376
18:32:26.539695,155259,624,816,701,739,893,776,847,349
18:32:26.542979,155269,641,819,710,747,896,768,836,324
18:32:26.545742,155279,657,822,721,754,897,760,824,299
18:32:26.546760,155289,672,824,730,761,899,751,812,273
18:32:26.609565,155299,686,826,739,769,901,742,799,246
18:32:26.613697,155309,698,829,748,775,902,732,785,222
18:32:26.616258,155319,710,831,756,782,903,721,770,201
18:32:26.618534,155329,721,833,763,788,904,706,751,182
18:32:26.619600,155339,731,835,769,794,905,687,728,165
18:32:26.676399,155350,741,836,774,801,906,663,699,149
18:32:26.678689,155359,750,836,777,807,907,635,665,134
18:32:26.681959,155369,759,837,780,814,908,605,629,121
18:32:26.683713,155379,767,837,780,820,910,575,592,110
18:32:26.686219,155389,775,839,776,825,911,547,557,100
18:32:26.688866,155399,781,839,767,829,911,520,524,91
18:32:26.691432,155409,787,839,754,833,913,498,490,81
18:32:26.695155,155419,792,840,734,836,914,477,461,74
18:32:26.698295,155429,799,841,709,838,914,456,444,67
18:32:26.698295,155439,804,839,681,839,915,435,437,60
18:32:26.724182,155449,810,841,650,838,915,418,435,54
18:32:26.728441,155459,817,841,611,836,916,401,437,50
18:32:26.731659,155469,822,841,559,832,916,384,440,45
18:32:26.734846,155479,828,841,504,828,917,367,442,41
18:32:26.737856,155489,833,840,455,821,916,348,441,37
18:32:26.776651,155499,837,836,411,811,916,330,437,33
18:32:26.780222,155509,842,833,372,794,914,310,430,30
18:32:26.781288,155520,845,827,336,765,912,290,422,27
18:32:26.783915,155529,846,819,305,732,906,269,413,25
18:32:26.787501,155539,846,807,275,693,899,248,402,23
18:32:26.826585,155549,843,792,249,652,888,230,390,20
18:32:26.826585,155559,836,773,226,612,876,211,376,19
18:32:26.833671,155569,825,751,204,570,860,195,364,16
18:32:26.833671,155579,802,723,185,529,841,180,356,15
18:32:26.838786,155589,772,692,168,488,812,167,350,14
18:32:26.873902,155599,732,657,151,448,779,157,348,12
18:32:26.876676,155609,685,617,138,409,741,149,352,11
18:32:26.879048,155619,633,572,124,370,699,148,363,10
18:32:26.882461,155629,581,523,112,335,655,154,385,9
18:32:26.886097,155639,530,473,102,303,610,170,418,8
18:32:26.888379,155649,478,427,92,275,559,190,458,7
18:32:26.942602,155659,432,386,83,249,506,219,501,6
18:32:26.944810,155669,391,349,76,224,457,249,538,6
18:32:26.948368,155679,353,316,69,204,414,277,563,5
18:32:26.948368,155689,320,286,62,184,374,299,574,4
18:32:26.953489,155699,290,259,56,167,339,316,582,4
18:32:27.011895,155709,263,234,51,151,307,330,584,4
18:32:27.015688,155719,238,212,46,140,278,340,583,3
18:32:27.022654,155729,215,192,42,134,253,346,579,3
18:32:27.028698,155739,195,174,38,132,230,351,574,3
18:32:27.033652,155749,177,158,34,133,222,355,569,3
18:32:27.035834,155759,160,143,31,134,223,357,565,2
18:32:27.036838,155769,146,130,28,135,231,359,561,2
18:32:27.038846,155779,132,117,25,134,248,361,557,2
18:32:27.040794,155789,119,106,22,134,268,360,553,2
18:32:27.044707,155799,108,96,20,133,291,361,550,2
18:32:27.108858,155809,98,88,19,132,315,360,546,1
18:32:27.113683,155820,89,79,16,132,339,359,542,1
18:32:27.115976,155829,80,71,17,132,362,359,540,1
18:32:27.115976,155839,73,64,14,133,384,358,535,1
18:32:27.121485,155849,66,58,13,133,404,357,532,0
18:32:27.124837,155859,59,53,12,132,423,356,528,0
18:32:27.128270,155869,54,48,10,130,439,355,524,0
18:32:27.134058,155879,50,44,9,127,449,351,520,0
18:32:27.138897,155889,44,39,8,124,453,348,514,0
18:32:27.143669,155899,41,36,8,121,454,342,507,0
18:32:27.209107,155909,36,33,6,117,449,337,499,0
18:32:27.212824,155919,34,30,6,112,434,333,491,0
18:32:27.215337,155929,30,27,5,103,405,326,481,0
18:32:27.215337,155939,27,25,4,95,378,321,470,0
18:32:27.220500,155949,25,22,4,87,353,314,460,0
18:32:27.275363,155959,22,20,4,80,330,309,451,0
18:32:27.283785,155969,20,18,3,74,313,305,441,0
18:32:27.288716,155979,19,16,2,69,303,301,433,0
18:32:27.294474,155990,16,15,2,65,298,298,426,0
18:32:27.297996,155999,15,13,2,61,296,295,421,0
18:32:27.300749,156009,13,11,2,58,298,293,417,0
18:32:27.302773,156019,12,11,2,55,304,291,413,0
18:32:27.304276,156029,11,10,2,53,315,290,408,0
18:32:27.305608,156039,10,9,1,51,326,288,404,0
18:32:27.309746,156049,9,8,1,49,340,287,400,0
18:32:27.376508,156059,8,7,1,48,356,285,396,0
18:32:27.378576,156069,7,6,0,48,371,283,393,0
18:32:27.380853,156079,6,5,1,46,385,281,389,0
18:32:27.380853,156089,5,5,0,46,398,278,386,0
18:32:27.383611,156099,4,4,0,45,409,277,382,0
18:32:27.441990,156109,4,4,0,45,419,276,379,0
18:32:27.443519,156119,4,3,0,44,427,275,378,0
18:32:27.443519,156129,4,3,0,44,437,274,379,0
18:32:27.443519,156139,4,2,0,43,446,275,381,0
18:32:27.443519,156149,3,3,0,43,455,275,383,0
18:32:27.452240,156160,3,2,0,43,464,276,387,0
18:32:27.454826,156169,3,1,0,42,473,286,414,0
18:32:27.457525,156179,2,2,0,46,489,321,503,0
18:32:27.461287,156189,2,1,0,47,499,373,605,0
18:32:27.463418,156199,1,0,0,46,502,429,697,0
18:32:27.476981,156209,1,1,0,51,521,499,788,0
18:32:27.479402,156219,1,1,0,65,544,567,847,0
18:32:27.481542,156229,1,0,0,82,559,620,874,16
18:32:27.483711,156239,1,1,0,100,578,663,890,57
18:32:27.486938,156249,1,0,0,115,594,696,896,117
18:32:27.531837,156259,0,1,0,127,608,724,901,182
18:32:27.538124,156269,0,0,0,139,622,750,905,246
18:32:27.545858,156279,0,1,0,152,633,771,906,303
18:32:27.550041,156289,0,2,0,172,649,789,909,352
18:32:27.553419,156299,0,28,17,199,675,805,911,392
18:32:27.583738,156309,0,85,47,230,702,817,913,427
18:32:27.590772,156319,0,160,85,260,725,825,916,455
18:32:27.597949,156329,0,237,127,286,745,831,917,479
18:32:27.603459,156339,0,310,174,311,760,836,918,499
18:32:27.605491,156349,0,374,220,335,773,841,918,513
18:32:27.637955,156359,0,430,265,359,783,844,919,522
18:32:27.643475,156369,0,474,309,382,791,849,921,527
18:32:27.647332,156379,0,512,351,403,797,851,921,531
18:32:27.649518,156389,0,543,388,421,803,854,922,532
18:32:27.651542,156399,0,566,425,438,809,856,922,532
18:32:27.693515,156409,0,584,459,455,814,859,922,531
18:32:27.703103,156419,0,599,493,474,818,860,922,527
18:32:27.709266,156429,0,612,521,491,822,863,923,523
18:32:27.715581,156439,0,622,547,508,825,864,923,518
18:32:27.717904,156449,0,630,569,525,829,866,922,514
18:32:27.720418,156460,0,639,589,541,834,867,923,512
18:32:27.776240,156469,0,648,605,557,838,867,923,509
18:32:27.776240,156479,0,656,619,570,841,867,922,508
18:32:27.776240,156489,0,664,630,584,845,867,923,508
18:32:27.783542,156499,0,672,638,595,848,867,922,509
18:32:27.785962,156509,0,678,646,606,850,867,921,508
18:32:27.843029,156519,0,683,653,616,852,866,921,508
18:32:27.843532,156529,0,687,659,623,853,866,919,505
18:32:27.843532,156539,0,690,665,629,854,865,919,501
18:32:27.849559,156549,0,690,670,636,855,863,917,495
18:32:27.852192,156559,0,688,677,645,857,862,915,487
18:32:27.853694,156569,0,685,683,655,857,861,913,474
18:32:27.853694,156579,0,681,689,662,859,857,910,462
18:32:27.859326,156589,0,677,695,670,860,855,907,448
18:32:27.862812,156599,0,674,702,677,861,853,906,436
18:32:27.863942,156609,0,671,709,685,862,851,903,424
18:32:27.927003,156619,0,669,716,693,863,849,903,412
18:32:27.927003,156630,0,668,725,699,865,847,901,402
18:32:27.933799,156639,0,669,733,706,867,845,899,392
18:32:27.940124,156649,0,673,741,714,869,843,897,385
18:32:27.947007,156659,0,678,748,722,872,841,895,380
18:32:27.950600,156669,0,683,754,729,874,838,893,375
18:32:27.953621,156679,0,688,760,737,876,835,890,372
18:32:27.959566,156689,0,695,766,744,878,831,886,370
18:32:27.961692,156699,0,702,773,753,881,829,883,370
18:32:27.964482,156709,0,708,777,759,883,824,877,367
18:32:28.025565,156719,0,715,781,765,884,818,872,364
18:32:28.026698,156729,0,722,786,771,886,813,868,361
18:32:28.030011,156739,0,730,789,776,887,808,864,357
18:32:28.032458,156749,8,740,791,781,889,802,858,354
18:32:28.034655,156759,38,751,794,787,892,794,853,351
18:32:28.096528,156769,88,763,796,791,895,786,846,347
18:32:28.098712,156779,152,775,796,796,898,777,835,341
18:32:28.100979,156789,225,786,797,799,901,765,825,332
18:32:28.103615,156800,304,798,798,803,902,751,812,319
18:32:28.106904,156809,382,807,799,808,905,733,798,299
18:32:28.226511,156929,801,849,622,845,925,356,508,89
18:32:28.226511,156939,811,843,562,844,925,334,490,81
18:32:28.233271,156949,820,836,508,839,925,309,471,74
18:32:28.234926,156959,827,825,458,830,925,283,449,66
18:32:28.238275,156969,832,812,415,813,923,259,423,60
18:32:28.293145,156979,835,795,375,783,921,235,395,54
18:32:28.299711,156989,834,774,339,746,915,213,366,48
18:32:28.306092,156999,829,749,306,707,907,193,338,44
18:32:28.312129,157009,819,723,278,667,899,175,311,39
18:32:28.315857,157019,797,696,251,628,889,157,286,36
18:32:28.319884,157029,763,661,227,589,867,143,264,33
18:32:28.320888,157039,714,619,206,553,839,130,246,29
18:32:28.323710,157049,658,573,186,518,806,117,234,27
18:32:28.326883,157059,600,524,169,485,769,108,227,24
18:32:28.329993,157069,543,474,152,453,731,100,231,22
18:32:28.393637,157079,491,429,139,426,682,99,252,20
18:32:28.401572,157089,444,388,125,397,628,104,293,18
18:32:28.404141,157100,402,351,113,367,574,119,348,16
18:32:28.412500,157109,363,317,103,334,519,144,405,15
18:32:28.414172,157119,328,286,93,303,470,169,447,14
18:32:28.416589,157129,298,259,84,274,425,189,478,12
18:32:28.417598,157139,269,235,76,248,385,207,498,11
18:32:28.417598,157149,243,213,69,227,348,222,513,9
18:32:28.421483,157159,220,193,62,209,315,236,525,9
18:32:28.423615,157169,200,174,57,193,285,248,536,8
18:32:28.492238,157179,181,158,52,180,259,259,544,7
18:32:28.495824,157189,164,143,46,169,234,270,551,6
18:32:28.498582,157199,149,130,42,160,212,279,557,5
18:32:28.508364,157209,135,117,38,153,193,286,560,5
18:32:28.512406,157219,122,106,34,146,177,292,561,5
18:32:28.517519,157229,110,96,32,140,171,297,561,3
18:32:28.520893,157239,100,87,28,134,173,300,559,3
18:32:28.526991,157249,90,79,25,128,182,303,559,2
18:32:28.529166,157259,83,71,23,121,194,304,558,2
18:32:28.531399,157270,74,65,21,114,206,306,555,3
18:32:28.594702,157279,68,59,19,106,221,306,551,2
18:32:28.598112,157289,61,53,17,99,239,305,546,2
18:32:28.600486,157299,55,49,16,91,259,304,543,1
18:32:28.600486,157309,50,44,14,84,280,302,540,1
18:32:28.609876,157319,46,40,12,77,303,301,536,1
18:32:28.614872,157329,41,36,11,70,326,298,530,0
18:32:28.618730,157339,37,33,10,64,349,295,526,0
18:32:28.622645,157349,34,29,9,57,365,293,522,0
18:32:28.629126,157359,31,27,9,52,374,290,517,0
18:32:28.631169,157369,28,24,8,47,375,287,512,0
18:32:28.695159,157379,25,22,7,42,370,284,505,0
18:32:28.700343,157389,23,20,6,38,363,281,498,0
18:32:28.703861,157399,20,18,5,35,364,279,493,0
18:32:28.709692,157409,18,16,5,31,376,275,487,0
18:32:28.713794,157419,17,15,4,28,400,273,482,0
18:32:28.715362,157429,15,13,4,26,426,270,478,0
18:32:28.717200,157440,14,12,3,23,451,268,476,0
18:32:28.719252,157449,12,11,3,21,475,266,472,0
18:32:28.721294,157459,11,10,3,19,495,264,470,0
18:32:28.721294,157469,10,8,2,17,510,261,466,0
18:32:28.759747,157479,9,9,2,16,523,258,465,0
18:32:28.763651,157489,8,11,1,15,536,257,465,0
18:32:28.766069,157499,7,11,1,13,547,256,467,0
18:32:28.768228,157509,7,10,0,12,554,256,469,0
18:32:28.770474,157519,6,10,1,10,560,256,471,0
18:32:28.804549,157529,5,8,1,9,566,269,505,0
18:32:28.811774,157539,4,7,1,8,573,300,586,0
18:32:28.813676,157549,3,7,1,9,582,351,681,0
18:32:28.817912,157559,4,6,0,12,592,409,765,0
18:32:28.819931,157569,3,5,0,15,605,479,838,0
18:32:28.853904,157579,3,4,0,17,616,556,881,10
18:32:28.860380,157589,2,4,0,28,624,616,899,63
18:32:28.864751,157599,2,3,0,43,634,658,907,143
18:32:28.866063,157609,2,3,0,55,640,689,912,222
18:32:28.867517,157619,2,3,0,66,646,717,914,297
18:32:28.899825,157629,0,3,0,78,650,742,914,360
18:32:28.909023,157639,1,3,0,89,652,764,916,414
18:32:28.945773,157649,1,9,0,104,658,785,917,459
18:32:28.959721,157659,1,24,9,127,668,801,920,496
18:32:28.963884,157669,0,62,47,153,688,813,921,529
18:32:28.970760,157679,1,128,98,184,709,821,923,555
18:32:28.977083,157689,0,212,155,219,728,827,924,577
18:32:28.985147,157699,0,300,214,258,745,831,925,596
18:32:28.989693,157709,0,378,271,299,761,835,926,611
18:32:28.995880,157719,1,446,327,340,774,838,926,623
18:32:28.999470,157729,0,506,381,383,787,842,926,632
18:32:29.066147,157740,0,555,429,425,800,843,926,640
18:32:29.068990,157749,1,598,469,460,811,846,926,646
18:32:29.073682,157759,0,629,508,493,820,847,925,650
18:32:29.079162,157769,0,656,542,525,829,849,925,652
18:32:29.083683,157779,0,677,571,554,838,849,924,652
18:32:29.084699,157789,0,693,596,579,846,849,923,651
18:32:29.088528,157799,0,709,618,601,852,849,922,650
18:32:29.090105,157809,0,720,634,620,858,849,919,648
18:32:29.093718,157819,0,732,649,636,864,848,917,646
18:32:29.096503,157829,0,743,661,651,868,845,915,645
18:32:29.157469,157839,0,754,671,664,872,844,913,643
18:32:29.161278,157849,0,762,680,675,876,841,911,641
18:32:29.162299,157859,0,770,687,685,879,839,908,638
18:32:29.164906,157869,0,777,696,694,881,836,906,634
18:32:29.167376,157879,0,782,702,701,883,832,903,628
18:32:29.168948,157889,0,788,710,709,885,827,899,619
18:32:29.171183,157899,10,793,717,716,887,822,894,610
18:32:29.172181,157910,29,798,723,724,889,816,888,598
18:32:29.179648,157919,56,801,729,731,891,809,883,584
18:32:29.183408,157929,89,802,735,738,892,801,877,566
18:32:29.243526,157939,127,805,740,744,895,791,869,548
18:32:29.252816,157949,165,806,744,750,896,781,861,527
18:32:29.256334,157959,202,807,748,755,897,770,851,503
18:32:29.262725,157969,240,809,753,762,899,759,843,478
18:32:29.264803,157979,278,811,758,767,901,747,832,452
18:32:29.264803,157989,315,811,761,770,900,731,818,423
18:32:29.264803,157999,353,813,764,774,902,716,804,393
18:32:29.272264,158009,391,814,767,778,903,700,790,362
18:32:29.274816,158019,429,817,771,784,906,682,769,330
18:32:29.276135,158029,468,819,774,787,906,660,743,300
18:32:29.342974,158039,504,822,777,791,907,638,718,271
18:32:29.343496,158049,536,823,778,795,908,614,692,244
18:32:29.343496,158059,567,826,780,799,909,586,665,222
18:32:29.343496,158069,596,828,781,804,911,558,640,199
18:32:29.343496,158080,625,830,784,809,912,529,617,180
18:32:29.355643,158089,652,833,785,812,913,497,597,163
18:32:29.358204,158099,675,835,785,815,913,465,579,148
18:32:29.359377,158109,695,838,785,820,914,433,564,134
18:32:29.365147,158119,713,839,784,824,915,403,551,121
18:32:29.367575,158129,729,841,781,827,916,375,542,109
18:32:29.426429,158139,743,843,776,830,918,350,535,99
18:32:29.432265,158149,754,844,770,834,918,328,528,90
18:32:29.436836,158159,763,846,762,836,920,310,521,81
18:32:29.444624,158169,771,847,749,840,920,295,515,73
18:32:29.448077,158179,778,848,732,843,921,282,508,66
18:32:29.509215,158189,784,847,713,846,922,271,502,60
18:32:29.516708,158199,790,847,688,848,922,261,499,54
18:32:29.520282,158209,795,847,660,851,923,251,498,49
18:32:29.527326,158219,800,846,627,853,924,241,497,45
18:32:29.532184,158229,805,844,590,854,924,230,492,40
18:32:29.535712,158239,810,842,542,856,925,217,477,36
18:32:29.536717,158249,815,839,491,855,925,203,461,32
18:32:29.543477,158259,820,835,443,855,925,188,444,30
18:32:29.548409,158269,825,829,400,852,926,173,425,26
18:32:29.551417,158279,829,819,362,845,924,158,404,25
18:32:29.563630,158289,832,807,327,833,924,144,382,22
18:32:29.563630,158299,835,793,296,816,923,130,359,19
18:32:29.569467,158309,834,776,267,784,919,117,337,18
18:32:29.571476,158319,833,756,242,744,914,106,313,17
18:32:29.574065,158329,826,733,219,703,907,95,289,15
18:32:29.621303,158339,812,708,198,662,899,87,267,13
18:32:29.624114,158349,791,679,180,620,886,78,247,12
18:32:29.628185,158359,758,644,162,581,865,70,232,11
18:32:29.630226,158369,712,600,147,542,833,64,219,10
18:32:29.632061,158380,658,555,133,505,796,58,214,9
18:32:29.673123,158389,602,509,121,468,756,52,221,8
18:32:29.676017,158399,546,463,109,433,711,48,243,8
18:32:29.678719,158409,493,418,99,401,661,48,284,6
18:32:29.681033,158419,446,377,90,370,606,54,343,6
18:32:29.682899,158429,403,342,81,337,549,71,414,5
18:32:29.724782,158439,365,308,74,307,496,93,475,4
18:32:29.727759,158449,330,280,67,279,449,115,517,3
18:32:29.728849,158459,299,253,61,254,406,134,546,3
18:32:29.731950,158469,270,229,55,232,372,149,565,3
18:32:29.733471,158479,245,207,50,211,343,163,578,3
18:32:29.735568,158489,222,188,46,194,323,173,589,2
18:32:29.794676,158499,201,169,41,179,306,183,596,2
18:32:29.796949,158509,182,153,37,167,296,191,602,2
18:32:29.799057,158519,166,140,34,156,290,197,606,1
18:32:29.800359,158529,149,126,30,146,291,203,607,1
18:32:29.805006,158539,136,115,27,137,296,208,607,0
18:32:29.860557,158550,122,103,24,127,306,212,605,1
18:32:29.865135,158559,112,94,23,116,321,214,601,1
18:32:29.866135,158569,101,85,20,107,336,215,599,0
18:32:29.868647,158579,92,77,18,96,352,216,595,0
18:32:29.870848,158589,83,70,17,87,366,214,591,0
18:32:29.870848,158599,75,63,15,79,381,214,590,0
18:32:29.876097,158609,68,58,13,71,395,211,585,0
18:32:29.878702,158619,62,52,12,64,409,209,582,0
18:32:29.880696,158629,56,47,11,58,423,206,580,0
18:32:29.883178,158639,50,42,9,52,436,203,577,0
18:32:29.943177,158649,46,38,9,48,448,199,576,0
18:32:29.946168,158659,41,35,8,43,460,197,574,0
18:32:29.948409,158669,38,32,7,39,471,194,571,0
18:32:29.948409,158679,34,29,6,36,485,191,568,0
18:32:29.954314,158689,31,26,6,33,496,188,564,0
18:32:30.007535,158699,28,23,5,29,507,184,561,0
18:32:30.011254,158709,25,21,5,26,517,180,556,0
18:32:30.013559,158720,23,19,4,24,526,177,549,0
18:32:30.016110,158729,21,17,4,22,535,173,541,0
18:32:30.019328,158739,19,15,3,19,544,170,534,0
18:32:30.078648,158749,17,14,2,18,552,166,526,0
18:32:30.083568,158759,15,13,2,17,561,161,518,0
18:32:30.087125,158769,14,12,2,15,567,157,510,0
18:32:30.089416,158779,13,11,2,13,573,152,503,0
18:32:30.091479,158789,11,9,1,11,577,148,498,0
18:32:30.094072,158799,10,8,1,10,580,145,495,0
18:32:30.096887,158809,9,8,1,10,581,143,493,0
18:32:30.098174,158819,8,7,1,8,584,140,492,0
18:32:30.099298,158829,7,6,0,8,583,138,491,0
18:32:30.099298,158839,7,5,0,7,584,137,491,0
18:32:30.158707,158849,6,4,0,6,585,135,492,0
18:32:30.159628,158859,5,5,0,5,584,135,494,0
18:32:30.163583,158869,5,4,1,5,584,135,495,0
18:32:30.167426,158879,4,3,0,4,582,135,498,0
18:32:30.170918,158889,3,3,0,3,579,135,501,0
18:32:30.177798,158899,3,3,0,4,577,137,504,0
18:32:30.181757,158909,3,2,0,3,574,139,507,0
18:32:30.185851,158919,2,1,0,3,570,142,512,0
18:32:30.188587,158929,2,2,0,2,566,145,517,0
18:32:30.193382,158939,2,1,0,1,563,149,525,0
18:32:30.257553,158949,1,2,0,2,557,171,564,0
18:32:30.260848,158959,1,1,0,1,554,218,623,0
18:32:30.263663,158969,1,1,0,1,551,288,688,0
18:32:30.271083,158979,0,1,0,1,549,382,767,0
18:32:30.278048,158989,1,0,0,0,550,488,836,20
18:32:30.281851,158999,0,0,0,1,551,569,870,74
18:32:30.283895,159009,0,0,0,4,558,624,888,145
18:32:30.288695,159020,0,0,0,9,564,663,896,214
18:32:30.290821,159029,0,0,0,12,567,692,901,279
18:32:30.293622,159039,0,0,0,19,569,715,905,338
18:32:30.329633,159049,0,0,0,30,574,736,908,395
18:32:30.331714,159059,0,0,0,45,584,754,910,443
18:32:30.334588,159069,0,0,1,60,596,768,912,482
18:32:30.336361,159079,0,6,17,78,618,781,914,514
18:32:30.338701,159089,0,35,43,97,646,791,916,541
18:32:30.383441,159099,0,81,75,115,673,799,918,564
18:32:30.383441,159109,0,142,114,133,696,806,920,583
18:32:30.388146,159119,0,203,158,151,715,813,921,599
18:32:30.390273,159129,0,257,204,171,730,819,922,610
18:32:30.395183,159139,0,305,251,190,742,824,923,620
18:32:30.433634,159149,0,349,295,211,752,828,924,628
18:32:30.438926,159159,0,391,335,232,762,833,924,635
18:32:30.443415,159169,0,433,372,252,769,836,925,640
18:32:30.445135,159179,0,472,407,271,776,840,926,644
18:32:30.448635,159190,0,507,439,290,784,843,926,648
18:32:30.483726,159199,0,539,469,307,792,846,926,651
18:32:30.487407,159209,0,566,498,326,800,847,926,654
18:32:30.493540,159219,0,589,524,341,805,849,927,656
18:32:30.497747,159229,0,610,545,357,810,851,927,659
18:32:30.497747,159239,0,628,563,370,815,852,928,661
18:32:30.503417,159249,0,642,579,381,817,854,929,663
18:32:30.558646,159259,0,655,591,389,821,855,928,665
18:32:30.559589,159269,0,664,598,394,820,854,926,663
18:32:30.563635,159279,0,673,607,400,822,854,926,663
18:32:30.566224,159289,0,678,615,404,822,854,926,661
18:32:30.569424,159299,0,683,623,410,824,855,928,657
18:32:30.625983,159309,0,685,629,415,824,854,924,654
18:32:30.626433,159319,0,689,636,421,825,854,923,650
18:32:30.626433,159329,0,692,643,428,826,853,923,646
18:32:30.634053,159339,0,696,648,435,829,852,921,642
18:32:30.636400,159349,0,700,652,443,832,852,921,639
18:32:30.637405,159360,0,705,656,450,835,851,920,635
18:32:30.645671,159369,0,710,660,459,837,850,919,632
18:32:30.652029,159379,0,714,663,465,839,849,919,631
18:32:30.654602,159389,0,718,666,470,842,849,919,629
18:32:30.664669,159399,0,722,668,476,843,848,918,629
18:32:30.725038,159409,0,725,670,482,845,848,918,629
18:32:30.728456,159419,0,729,671,486,845,847,918,630
18:32:30.731704,159429,0,732,672,491,846,846,918,632
18:32:30.735992,159439,0,736,673,497,847,846,918,635
18:32:30.738405,159449,0,740,674,504,849,846,919,639
18:32:30.740903,159459,0,744,674,512,850,846,919,643
18:32:30.745005,159469,0,747,675,521,851,845,920,646
18:32:30.748483,159479,0,750,676,530,853,846,919,648
18:32:30.750901,159489,0,751,678,539,855,845,918,649
18:32:30.753596,159499,0,752,681,548,857,843,919,649
18:32:30.808241,159509,0,751,686,559,859,843,917,648
18:32:30.809555,159519,0,751,693,573,861,840,916,646
18:32:30.814208,159529,0,750,700,590,863,839,914,642
18:32:30.817511,159539,0,750,708,608,866,836,912,639
18:32:30.817511,159549,0,751,718,627,869,834,912,636
18:32:30.876468,159559,0,754,727,646,872,830,909,633
18:32:30.880099,159569,0,759,736,666,875,826,906,632
18:32:30.881163,159579,0,766,746,683,878,822,903,630
18:32:30.883960,159589,13,772,754,700,881,817,900,630
18:32:30.886936,159599,50,779,763,715,884,811,896,630
18:32:30.942692,159609,104,785,770,727,887,805,892,630
18:32:30.945554,159619,169,792,777,737,889,797,887,630
18:32:30.947687,159629,238,797,784,746,891,787,882,628
18:32:30.958268,159639,312,801,788,754,893,775,874,622
18:32:30.963452,159649,383,806,793,761,895,760,865,612
18:32:30.967419,159660,451,809,797,769,896,741,856,597
18:32:30.972022,159669,511,811,798,775,897,718,841,578
18:32:30.977120,159679,563,814,799,781,898,688,823,556
18:32:30.977120,159689,606,816,798,787,898,650,802,529
18:32:30.981372,159699,642,818,796,795,900,602,775,496
18:32:31.043658,159709,671,820,791,799,899,553,744,459
18:32:31.046808,159719,694,820,786,803,900,509,711,419
18:32:31.049094,159729,714,821,780,807,901,469,680,380
18:32:31.050231,159739,730,822,772,809,901,435,652,343
18:32:31.055000,159749,743,824,762,812,901,404,630,310
18:32:31.058419,159759,755,825,749,813,901,375,613,280
18:32:31.059275,159769,765,827,735,811,900,350,600,253
18:32:31.064560,159779,774,831,722,810,902,326,590,229
18:32:31.067375,159789,780,833,706,805,900,306,583,207
18:32:31.068485,159799,785,835,689,800,900,288,577,187
18:32:31.076931,159809,790,838,672,795,899,271,572,170
18:32:31.083742,159819,794,840,653,788,898,258,568,156
18:32:31.087195,159830,796,841,633,782,897,245,565,143
18:32:31.089642,159839,798,842,612,774,896,234,562,130
18:32:31.093548,159849,799,842,589,764,894,226,560,118
18:32:31.128789,159859,799,840,561,754,892,219,560,106
18:32:31.135876,159869,798,837,532,744,890,215,563,97
18:32:31.143823,159879,796,831,495,729,886,211,566,87
18:32:31.145845,159889,792,825,456,713,881,209,568,78
18:32:31.150916,159899,787,815,414,693,876,208,570,71
18:32:31.180723,159909,781,801,374,672,871,208,570,65
18:32:31.183951,159919,772,786,338,648,863,210,570,59
18:32:31.189123,159929,762,766,305,620,855,211,576,54
18:32:31.194430,159939,750,745,276,593,845,214,580,48
18:32:31.197953,159949,735,721,250,567,833,217,586,44
18:32:31.238334,159959,716,695,226,540,819,219,590,40
18:32:31.240830,159969,691,668,204,512,806,221,594,36
18:32:31.243915,159979,660,642,185,484,790,225,597,33
18:32:31.247590,159989,623,614,167,454,774,227,596,29
18:32:31.250190,160000,582,586,153,424,758,230,594,27
18:32:31.291035,160009,537,555,138,393,741,231,592,24
18:32:31.295472,160019,486,522,124,361,723,234,590,22
18:32:31.298338,160029,439,486,114,330,705,236,587,19
18:32:31.298338,160039,397,444,102,299,685,238,584,18
18:32:31.303983,160049,359,402,92,271,662,241,582,16
18:32:31.303983,160059,325,364,84,245,637,245,581,14
18:32:31.361332,160069,294,329,76,221,609,249,580,13
18:32:31.365333,160079,267,298,69,201,579,252,580,11
18:32:31.367752,160089,241,269,62,181,548,257,581,11
18:32:31.370090,160099,219,243,56,164,521,259,581,10
18:32:31.372329,160109,197,220,51,148,498,261,583,9
18:32:31.432455,160119,179,199,46,135,477,263,585,8
18:32:31.446471,160129,162,181,42,122,460,263,583,7
18:32:31.450500,160139,147,163,39,110,445,261,579,6
18:32:31.455544,160149,132,149,34,100,434,261,574,6
18:32:31.463735,160159,121,134,31,90,426,259,570,5
18:32:31.471817,160169,109,122,29,82,421,257,568,4
18:32:31.477196,160179,99,110,26,74,417,256,565,4
18:32:31.485894,160189,89,100,23,67,416,256,564,3
18:32:31.491388,160199,81,90,21,60,412,253,563,3
18:32:31.495401,160209,73,82,19,55,412,253,563,3
18:32:31.499646,160219,66,74,17,50,415,252,564,2
18:32:31.504064,160229,60,68,15,45,420,251,565,3
18:32:31.508113,160239,55,60,14,40,425,251,565,2
18:32:31.513746,160249,49,54,13,37,431,252,567,2
18:32:31.515687,160259,45,50,11,33,435,251,568,1
18:32:31.576077,160269,40,45,10,31,442,250,569,1
18:32:31.579942,160279,36,41,9,27,448,249,569,1
18:32:31.585136,160289,33,37,7,24,455,249,570,1
18:32:31.587174,160300,30,34,8,22,462,248,571,0
18:32:31.588198,160309,28,29,7,20,469,247,572,0
18:32:31.641876,160319,25,27,6,19,477,246,572,0
18:32:31.644713,160329,23,25,5,16,484,246,574,0
18:32:31.647438,160339,20,22,4,15,487,246,572,1
18:32:31.648989,160349,19,20,5,14,491,246,572,0
18:32:31.648989,160359,17,18,3,12,494,247,572,0
18:32:31.653941,160369,15,16,3,11,497,249,574,0
18:32:31.653941,160379,14,15,3,10,503,252,577,0
18:32:31.658980,160389,12,13,2,9,508,257,584,0
18:32:31.662178,160399,11,12,1,8,518,269,605,0
18:32:31.663772,160409,9,11,2,7,534,291,641,7
18:32:31.726375,160419,9,11,2,8,559,320,683,36
18:32:31.731055,160429,8,19,1,14,586,355,731,89
18:32:31.731566,160439,7,43,0,22,610,394,773,155
18:32:31.735215,160449,7,77,0,33,632,443,808,231
18:32:31.736253,160459,5,123,3,51,651,493,834,306
18:32:31.790595,160470,6,176,16,73,667,542,854,375
18:32:31.793970,160479,5,230,38,98,682,589,869,435
18:32:31.796354,160489,4,280,69,122,696,629,880,486
18:32:31.797849,160499,4,322,104,147,710,663,890,528
18:32:31.797849,160509,3,359,141,170,721,690,897,564
18:32:31.797849,160519,3,390,176,190,732,712,903,595
18:32:31.804361,160529,2,417,208,206,742,732,909,622
18:32:31.805376,160539,2,440,237,218,752,750,915,647
18:32:31.807970,160549,2,455,264,229,757,764,919,668
18:32:31.814831,160559,2,459,288,236,758,775,920,684
18:32:31.846987,160569,1,451,311,239,758,786,923,699
18:32:31.848252,160579,1,431,332,238,753,796,926,710
18:32:31.848252,160589,1,402,352,235,745,806,930,721
18:32:31.848252,160599,0,370,369,230,736,813,932,730
18:32:31.853565,160609,0,337,382,222,725,820,934,737
18:32:31.901420,160619,0,304,392,213,712,826,935,743
18:32:31.903455,160629,0,274,398,203,694,830,937,747
18:32:31.904705,160640,0,248,399,191,673,833,938,750
18:32:31.906996,160649,0,224,395,179,645,836,938,752
18:32:31.910990,160659,0,202,389,164,613,838,939,753
18:32:31.948642,160669,0,183,382,149,581,840,940,752
18:32:31.953418,160679,0,165,372,134,548,840,940,751
18:32:31.953418,160689,0,150,361,121,515,841,940,750
18:32:31.959934,160699,0,135,346,110,480,840,940,747
18:32:31.961734,160709,0,122,328,98,449,840,940,745
18:32:31.998279,160719,0,111,310,89,427,839,939,743
18:32:31.998279,160729,0,100,292,80,414,838,939,742
18:32:32.003967,160739,0,91,275,73,407,838,940,742
18:32:32.006107,160749,0,81,259,65,406,835,937,739
18:32:32.009454,160759,0,74,245,59,409,834,936,738
18:32:32.061430,160769,0,67,234,53,416,833,936,737
18:32:32.064038,160779,0,61,226,48,423,832,935,737
18:32:32.065549,160789,0,54,220,44,436,832,935,737
18:32:32.065549,160799,0,49,217,40,453,832,935,736
18:32:32.065549,160809,0,45,218,36,471,833,935,735
18:32:32.071854,160819,0,40,227,32,492,833,934,735
18:32:32.125889,160829,0,38,241,29,514,834,934,733
18:32:32.125889,160839,0,42,258,27,539,834,934,733
18:32:32.125889,160849,0,47,278,24,560,836,934,732
18:32:32.133647,160859,0,58,301,23,578,836,933,730
18:32:32.136780,160869,0,73,323,21,594,838,933,728
18:32:32.193728,160879,0,93,346,19,609,839,933,726
18:32:32.193728,160889,0,118,370,18,624,841,933,726
18:32:32.203784,160899,0,148,396,19,641,843,934,725
18:32:32.208103,160909,0,181,422,23,658,844,934,725
18:32:32.213851,160919,0,217,447,30,675,846,935,725
18:32:32.213851,160929,0,254,471,43,696,848,935,726
18:32:32.222216,160940,0,291,497,61,718,851,935,728
18:32:32.224980,160949,0,327,521,87,741,852,936,729
18:32:32.227361,160959,0,357,545,119,764,853,936,731
18:32:32.230156,160969,0,383,568,152,785,854,936,732
18:32:32.293133,160979,0,405,591,184,802,855,935,732
18:32:32.293639,160989,0,419,609,213,815,856,934,731
18:32:32.293639,160999,0,431,628,240,823,856,934,730
18:32:32.301413,161009,0,439,644,264,827,856,933,728
18:32:32.304903,161019,0,444,655,288,829,855,930,724
18:32:32.307825,161029,0,448,666,311,830,855,929,719
18:32:32.311498,161039,0,449,676,331,829,853,926,713
18:32:32.315248,161049,0,449,685,352,828,851,924,706
18:32:32.321987,161059,0,453,692,372,828,849,921,698
18:32:32.328810,161069,0,462,698,392,830,847,919,692
18:32:32.393655,161079,0,473,705,411,833,843,917,686
18:32:32.401202,161089,0,490,711,432,838,839,914,681
18:32:32.403768,161099,0,512,714,449,842,837,912,677
18:32:32.405946,161110,0,541,718,468,848,833,911,676
18:32:32.409116,161119,0,574,720,486,855,829,909,674
18:32:32.412407,161129,0,607,722,505,861,825,907,674
18:32:32.415111,161139,0,640,723,526,867,820,905,675
18:32:32.418455,161149,0,672,724,546,871,815,903,676
18:32:32.427332,161159,0,702,725,566,875,811,901,677
18:32:32.436312,161169,0,728,726,585,879,805,898,677
18:32:32.493752,161179,3,751,727,601,883,798,895,676
18:32:32.496822,161189,22,769,728,617,888,790,891,674
18:32:32.507969,161199,56,782,729,630,889,782,887,671
18:32:32.514276,161209,107,793,732,641,891,774,883,666
18:32:32.516762,161219,162,800,735,651,896,767,879,659
18:32:32.523559,161229,220,807,737,661,895,757,874,649
18:32:32.529029,161239,279,813,742,673,898,749,869,637
18:32:32.531067,161249,333,817,746,684,899,741,863,623
18:32:32.533597,161259,381,822,751,693,901,732,857,604
18:32:32.535859,161269,426,826,757,702,902,721,849,582
18:32:32.592009,161280,466,830,762,710,903,710,840,556
18:32:32.596415,161289,502,833,766,718,905,696,826,527
18:32:32.598858,161299,538,837,771,725,907,681,810,495
18:32:32.601486,161309,572,841,774,730,908,658,788,458
18:32:32.604876,161319,604,846,777,735,909,630,763,420
18:32:32.609010,161329,634,850,777,739,912,597,738,379
18:32:32.612123,161339,663,854,775,741,912,560,710,342
18:32:32.615978,161349,690,858,769,745,913,522,685,309
18:32:32.621691,161359,716,862,759,749,914,484,663,279
18:32:32.627549,161369,738,866,744,751,916,447,645,252
18:32:32.720744,161439,831,875,498,746,921,258,591,125
18:32:32.723937,161449,838,874,450,738,921,236,571,114
18:32:32.727663,161459,843,871,407,721,921,216,553,103
18:32:32.729819,161469,848,867,367,696,920,196,535,93
18:32:32.753715,161479,851,860,332,671,917,177,515,84
18:32:32.760063,161489,853,850,300,649,913,162,492,76
18:32:32.765076,161499,854,835,272,622,907,147,468,69
18:32:32.765076,161509,853,816,246,590,900,133,443,63
18:32:32.765076,161519,850,790,223,560,891,120,419,57
18:32:32.772271,161529,841,758,201,528,880,110,396,51
18:32:32.828059,161539,828,723,183,496,867,100,379,47
18:32:32.831195,161549,806,678,166,464,843,91,364,43
18:32:32.837676,161559,777,627,150,437,812,82,354,38
18:32:32.838686,161569,737,573,136,410,773,74,352,35
18:32:32.841518,161580,690,520,124,382,732,68,357,31
18:32:32.901002,161589,642,470,111,354,688,61,370,29
18:32:32.905066,161599,592,425,101,328,642,58,392,26
18:32:32.906133,161609,540,384,91,303,593,59,426,24
18:32:32.910306,161619,489,347,83,276,542,65,470,21
18:32:32.910306,161629,442,314,75,250,490,80,516,19
18:32:32.974560,161639,400,284,68,226,443,102,551,17
18:32:32.976329,161649,361,257,62,205,401,120,571,16
18:32:32.980179,161659,327,232,56,185,363,136,583,14
18:32:32.983649,161669,296,210,51,167,329,150,589,13
18:32:32.988723,161679,268,190,45,152,298,161,595,11
18:32:32.991570,161689,242,173,41,138,270,172,599,11
18:32:32.996929,161699,220,157,38,124,244,180,602,10
18:32:32.998193,161709,199,142,34,112,221,187,604,8
18:32:33.006159,161719,181,128,31,102,201,193,605,8
18:32:33.011450,161729,163,116,28,92,182,198,604,6
18:32:33.075585,161739,149,105,25,83,166,201,604,6
18:32:33.084932,161750,134,95,23,75,150,204,602,6
18:32:33.089784,161759,121,86,21,68,137,207,601,5
18:32:33.093749,161769,110,78,18,62,128,208,601,5
18:32:33.094890,161779,100,71,17,56,125,209,600,4
18:32:33.097313,161789,90,64,14,50,127,209,599,4
18:32:33.099929,161799,81,58,14,46,132,209,598,3
18:32:33.100939,161809,73,53,12,41,143,209,597,3
18:32:33.103558,161819,67,48,11,37,160,209,596,2
18:32:33.105223,161829,61,43,10,34,182,208,592,1
18:32:33.157651,161839,55,39,9,31,211,207,589,2
18:32:33.159970,161849,50,35,8,27,239,206,585,1
18:32:33.163675,161859,45,32,8,25,267,205,580,1
18:32:33.172516,161869,41,28,7,23,291,203,574,1
18:32:33.178438,161879,37,27,6,21,309,202,571,0
18:32:33.181776,161889,34,24,5,19,323,200,567,0
18:32:33.186804,161899,30,22,4,17,333,198,564,1
18:32:33.189155,161909,28,19,4,15,343,195,561,0
18:32:33.191463,161920,24,18,4,14,352,192,558,0
18:32:33.194824,161929,23,16,3,12,360,190,553,0
18:32:33.262167,161939,21,14,3,11,366,187,549,0
18:32:33.263669,161949,18,13,2,9,371,185,544,0
18:32:33.266562,161959,17,12,3,9,372,181,540,0
18:32:33.268641,161969,15,10,2,8,372,179,536,0
18:32:33.269640,161979,14,9,2,6,375,176,532,0
18:32:33.270755,161989,12,9,1,6,380,174,530,0
18:32:33.275057,161999,11,7,1,6,385,172,529,0
18:32:33.278431,162009,10,7,1,5,391,172,529,0
18:32:33.278431,162019,9,6,0,4,393,172,530,0
18:32:33.281990,162029,8,5,0,3,394,173,535,0
18:32:33.340763,162039,7,5,0,3,398,194,580,0
18:32:33.344476,162049,6,5,0,2,412,239,663,0
18:32:33.347897,162059,6,4,0,3,436,295,744,0
18:32:33.348972,162069,5,4,0,2,458,347,818,0
18:32:33.351790,162079,5,3,0,2,482,407,870,4
18:32:33.368404,162089,4,3,0,2,499,476,896,30
18:32:33.371661,162099,4,2,0,1,520,534,905,82
18:32:33.373759,162109,3,1,0,3,539,583,908,151
18:32:33.376547,162119,3,2,0,5,553,625,911,222
18:32:33.379566,162129,2,2,0,8,566,663,914,294
18:32:33.413990,162139,2,1,0,12,576,696,918,361
18:32:33.413990,162149,2,1,0,14,583,724,921,424
18:32:33.423868,162159,1,1,0,17,592,751,922,485
18:32:33.428028,162169,2,0,0,24,603,772,925,540
18:32:33.428028,162179,1,4,11,32,622,786,926,585
18:32:33.493849,162189,1,28,35,44,652,795,927,623
18:32:33.502165,162199,0,84,66,61,686,802,927,653
18:32:33.504828,162209,0,163,106,81,716,808,929,676
18:32:33.511626,162220,0,244,152,107,740,812,928,693
18:32:33.515190,162229,0,326,202,138,757,816,929,706
18:32:33.523965,162239,1,400,252,171,771,819,929,715
18:32:33.527392,162249,0,466,302,207,784,821,928,721
18:32:33.530499,162259,0,523,351,249,796,824,928,725
18:32:33.531844,162269,0,573,400,292,809,827,927,729
18:32:33.533989,162279,0,616,444,333,820,829,928,733
18:32:33.533989,162289,0,652,482,370,830,830,926,733
18:32:33.591788,162299,0,683,514,402,840,832,925,737
18:32:33.593427,162309,0,714,542,430,849,834,925,739
18:32:33.593427,162319,0,738,564,454,855,833,924,742
18:32:33.600658,162329,0,761,584,474,860,833,925,744
18:32:33.603722,162339,0,778,601,495,866,832,924,747
18:32:33.659397,162349,0,792,616,516,871,830,921,748
18:32:33.659397,162359,0,804,629,537,877,831,921,748
18:32:33.663901,162369,0,811,636,556,879,827,918,747
18:32:33.666181,162379,11,819,644,571,881,825,917,745
18:32:33.668554,162390,32,824,650,584,883,821,914,743
18:32:33.726303,162399,65,828,655,595,885,818,912,740
18:32:33.726303,162409,104,831,659,605,887,815,909,737
18:32:33.726303,162419,150,835,662,613,888,809,906,733
18:32:33.733705,162429,199,837,665,619,889,803,904,729
18:32:33.736242,162439,249,840,667,625,890,797,901,724
18:32:33.738573,162449,299,843,668,628,891,788,897,717
18:32:33.741005,162459,348,845,670,632,892,778,893,708
18:32:33.745064,162469,398,847,671,635,893,768,888,696
18:32:33.748545,162479,447,849,672,638,895,756,884,684
18:32:33.750768,162489,493,851,672,643,895,742,877,670
18:32:33.808673,162499,534,853,673,649,896,727,869,656
18:32:33.810119,162509,571,855,673,655,897,712,862,640
18:32:33.813943,162519,605,857,674,662,899,693,853,621
18:32:33.813943,162529,636,859,675,670,900,674,842,602
18:32:33.822720,162539,663,860,676,678,901,651,829,579
18:32:33.893512,162549,686,862,676,686,903,626,815,555
18:32:33.903572,162560,708,863,678,694,905,599,798,527
18:32:33.908906,162569,727,865,680,704,905,570,780,496
18:32:33.915759,162579,743,867,683,711,907,540,760,461
18:32:33.916766,162589,756,869,685,719,908,506,738,426
18:32:33.919088,162599,769,871,687,727,910,471,715,389
18:32:33.921746,162609,779,872,688,735,911,435,694,354
18:32:33.922784,162619,789,873,688,743,913,402,674,319
18:32:33.926030,162629,798,875,688,751,913,369,659,289
18:32:33.927100,162639,806,876,687,758,914,338,648,261
18:32:33.984904,162649,813,876,685,766,916,310,635,235
18:32:33.987280,162659,820,877,682,774,917,286,626,212
18:32:33.990549,162669,826,877,676,781,919,266,617,192
18:32:33.992966,162679,833,876,667,787,920,248,609,174
18:32:33.996298,162689,839,876,653,793,921,234,601,157
18:32:33.997437,162699,844,876,634,798,922,221,595,142
18:32:34.002309,162709,849,876,608,800,923,209,591,129
18:32:34.009802,162719,855,875,576,801,924,196,587,117
18:32:34.015207,162729,861,875,537,799,926,183,582,105
18:32:34.019709,162739,866,874,490,797,927,169,576,95
18:32:34.030730,162749,871,871,442,794,927,156,562,86
18:32:34.033530,162759,876,867,400,789,928,142,543,78
18:32:34.034549,162769,880,861,361,777,927,130,522,71
18:32:34.036693,162779,882,851,327,758,927,117,496,64
18:32:34.039012,162789,884,838,295,734,925,106,468,58
18:32:34.073787,162799,884,817,267,706,922,96,437,53
18:32:34.077798,162809,883,790,242,673,916,86,406,48
18:32:34.080292,162819,878,761,222,638,908,78,377,43
18:32:34.082435,162829,869,730,204,600,898,70,347,40
18:32:34.086305,162839,853,694,190,560,885,64,320,36
18:32:34.215789,162849,831,653,175,525,866,57,297,32
18:32:34.233733,162860,799,607,159,491,838,52,279,28
18:32:34.242603,162869,753,558,143,458,805,47,266,27
18:32:34.252281,162879,699,509,130,426,770,43,262,24
18:32:34.256996,162889,641,462,118,396,730,40,272,21
18:32:34.260367,162899,584,418,106,366,680,37,302,19
18:32:34.261421,162909,529,378,96,335,626,38,350,18
18:32:34.264778,162919,477,341,87,304,568,45,408,16
18:32:34.267285,162929,432,309,79,274,514,59,460,14
18:32:34.268294,162939,391,280,71,248,465,74,496,13
18:32:34.268294,162949,354,253,65,225,420,87,523,11
18:32:34.276657,162959,320,229,58,203,381,97,540,10
18:32:34.280357,162969,291,207,53,184,345,108,552,9
18:32:34.286776,162979,263,187,48,166,312,117,562,8
18:32:34.293644,162989,237,170,44,150,283,125,570,7
18:32:34.296339,162999,215,154,39,137,256,131,575,6
18:32:34.298356,163009,195,139,35,124,232,136,577,6
18:32:34.299360,163019,177,126,32,112,213,139,578,6
18:32:34.301367,163030,160,115,30,101,204,141,578,4
18:32:34.303928,163039,145,104,26,92,201,142,578,5
18:32:34.305240,163049,132,94,24,83,206,143,576,3
18:32:34.358228,163059,119,85,21,76,214,143,574,3
18:32:34.363865,163069,108,77,20,68,224,143,570,4
18:32:34.368677,163079,98,70,18,62,234,142,567,3
18:32:34.371709,163089,89,63,15,56,246,141,565,3
18:32:34.378582,163099,81,57,14,51,256,139,563,2
18:32:34.381650,163109,73,52,13,46,267,136,559,2
18:32:34.383683,163119,66,47,12,41,280,134,557,2
18:32:34.383683,163129,60,43,10,38,296,131,554,1
18:32:34.388248,163139,54,38,9,34,314,128,550,1
18:32:34.390489,163149,49,35,9,30,333,126,546,1
18:32:34.457340,163159,45,32,8,27,350,123,542,1
18:32:34.461050,163169,40,28,7,25,365,121,537,0
18:32:34.463743,163179,37,26,5,22,375,118,534,1
18:32:34.465981,163189,33,23,5,20,384,114,529,0
18:32:34.465981,163200,30,21,5,19,394,112,524,0
18:32:34.526571,163209,28,19,4,17,404,109,520,0
18:32:34.526571,163219,25,17,3,15,413,108,515,0
18:32:34.531186,163229,22,16,3,14,419,106,511,0
18:32:34.535234,163239,20,14,4,13,421,104,508,0
18:32:34.540573,163249,18,13,2,11,418,103,505,0
18:32:34.608436,163259,17,11,2,10,413,102,504,0
18:32:34.611396,163269,15,10,2,10,411,102,504,0
18:32:34.613539,163279,13,10,2,8,408,102,504,0
18:32:34.614993,163289,12,9,1,7,410,103,504,0
18:32:34.622568,163299,11,8,1,6,414,104,503,0
18:32:34.627613,163309,10,7,1,6,418,104,504,0
18:32:34.632061,163319,8,6,0,5,422,104,503,0
18:32:34.636056,163329,8,5,0,4,426,106,503,0
18:32:34.640689,163339,6,5,0,4,431,107,504,0
18:32:34.645384,163349,6,4,0,3,434,108,503,0
18:32:34.709451,163359,5,4,0,3,439,110,504,0
18:32:34.712069,163369,5,3,0,3,443,121,528,0
18:32:34.714764,163379,5,4,0,2,458,157,602,0
18:32:34.719800,163389,4,2,0,2,479,213,698,0
18:32:34.724899,163399,4,2,0,1,496,276,782,0
18:32:34.730424,163409,3,1,0,1,519,355,851,0
18:32:34.734098,163419,3,1,0,1,537,438,887,11
18:32:34.737519,163429,3,1,0,1,555,512,905,55
18:32:34.740250,163439,3,0,0,1,570,572,913,121
18:32:34.743912,163449,3,0,0,1,580,617,918,196
18:32:34.745956,163459,2,0,0,1,588,658,922,270
18:32:34.745956,163469,3,1,0,0,595,695,925,339
18:32:34.745956,163479,2,0,0,3,600,731,928,404
18:32:34.752223,163489,1,0,0,7,606,763,930,462
18:32:34.753726,163500,1,0,0,17,613,789,931,513
18:32:34.793756,163509,1,0,4,29,623,809,932,556
18:32:34.793756,163519,0,0,37,41,635,823,934,592
18:32:34.809454,163529,0,16,94,58,659,834,936,623
18:32:34.813861,163539,0,55,154,78,684,839,935,645
18:32:34.818048,163549,0,116,216,104,708,844,935,661
18:32:34.841738,163559,0,181,275,135,727,848,936,674
18:32:34.844807,163569,0,248,334,167,743,851,935,683
18:32:34.844807,163579,0,313,389,199,758,853,935,690
18:32:34.849298,163589,0,375,438,231,771,854,935,696
18:32:34.850301,163599,0,435,481,264,786,856,934,702
18:32:34.883991,163609,0,487,518,296,799,856,933,703
18:32:34.890601,163619,0,532,549,326,809,857,933,706
18:32:34.893661,163629,0,569,575,352,818,857,932,708
18:32:34.897187,163639,0,601,596,377,826,858,932,709
18:32:34.900594,163649,0,625,612,399,833,857,930,709
18:32:34.944495,163659,0,644,626,417,839,856,929,709
18:32:34.947826,163670,0,659,637,432,844,855,927,709
18:32:34.952601,163679,0,670,647,446,849,854,925,707
18:32:34.960651,163689,0,677,656,459,853,852,923,704
18:32:34.965830,163699,0,682,664,471,858,851,921,701
18:32:34.971195,163709,0,686,671,483,862,848,919,696
18:32:35.026164,163719,0,688,679,495,866,846,916,691
18:32:35.035611,163729,0,691,686,506,869,842,914,684
18:32:35.041599,163739,0,692,691,520,871,839,912,676
18:32:35.045538,163749,0,695,698,532,873,834,909,667
18:32:35.049158,163759,0,699,706,545,876,830,907,658
18:32:35.054705,163769,0,704,714,560,878,825,903,647
18:32:35.056865,163779,0,710,723,576,881,817,900,634
18:32:35.058898,163789,0,719,732,594,884,808,895,621
18:32:35.062030,163799,0,728,741,614,887,798,890,606
18:32:35.064566,163809,0,739,749,635,890,787,885,589
18:32:35.125317,163819,0,749,756,656,892,775,878,570
18:32:35.127783,163829,0,761,765,675,896,762,871,549
18:32:35.130973,163840,0,772,771,689,898,746,859,523
18:32:35.133902,163849,0,782,777,706,901,729,847,494
18:32:35.133902,163859,0,790,782,721,903,709,830,463
18:32:35.193817,163869,19,798,786,734,904,685,812,429
18:32:35.196319,163879,65,805,791,747,908,657,790,393
18:32:35.199629,163889,134,810,793,758,909,624,765,355
18:32:35.202281,163899,217,814,796,769,910,585,740,320
18:32:35.205112,163909,304,818,799,778,911,544,718,289
18:32:35.259881,163919,389,822,800,787,913,505,695,261
18:32:35.262619,163929,465,825,800,794,914,467,674,236
18:32:35.266161,163939,533,827,799,799,916,433,655,213
18:32:35.268897,163949,590,828,796,806,916,400,637,193
18:32:35.272624,163959,638,829,792,810,918,369,620,174
18:32:35.276925,163969,679,831,784,815,920,341,605,157
18:32:35.278518,163979,712,832,774,820,921,316,592,143
18:32:35.283575,163989,740,834,759,823,922,292,580,129
18:32:35.285980,163999,763,836,740,828,924,271,572,116
18:32:35.289345,164009,783,838,717,831,925,252,568,105
18:32:35.342632,164019,797,839,690,833,926,235,566,96
18:32:35.343764,164029,809,840,656,834,927,218,564,86
18:32:35.343764,164039,820,842,616,835,928,202,561,78
18:32:35.350837,164049,826,840,568,834,928,186,555,70
18:32:35.351877,164059,833,839,517,835,929,170,544,64
18:32:35.409491,164069,839,834,467,831,929,156,533,58
18:32:35.412067,164079,844,830,422,826,930,142,516,52
18:32:35.414689,164089,848,822,382,814,931,130,495,48
18:32:35.416036,164099,851,813,345,797,928,117,469,44
18:32:35.419496,164109,852,802,312,777,928,106,442,39
18:32:35.421035,164119,854,791,283,751,925,95,416,36
18:32:35.425609,164129,854,773,255,720,921,86,392,33
18:32:35.430870,164140,852,753,232,684,917,79,368,29
18:32:35.435659,164149,848,733,211,646,908,70,345,26
18:32:35.440086,164159,838,711,195,608,899,64,323,23
18:32:35.493606,164169,823,684,181,570,885,58,303,22
18:32:35.496616,164179,803,653,165,531,867,52,283,20
18:32:35.498727,164189,774,618,149,493,842,47,268,18
18:32:35.501934,164199,734,576,135,457,813,43,257,16
18:32:35.504795,164209,684,532,122,423,779,39,250,15
18:32:35.511921,164219,630,487,110,390,741,35,252,13
18:32:35.516355,164229,575,443,100,357,700,31,266,12
18:32:35.520857,164239,521,401,91,325,653,29,296,10
18:32:35.525658,164249,471,362,82,295,604,29,344,10
18:32:35.529397,164259,426,327,74,266,554,35,400,8
18:32:35.547608,164269,385,296,67,242,504,47,453,8
18:32:35.550080,164279,348,268,61,218,455,63,496,7
18:32:35.552423,164289,315,242,55,198,413,76,524,6
18:32:35.555123,164299,285,219,50,179,373,87,539,5
18:32:35.556110,164310,258,199,45,162,338,97,548,5
18:32:35.596988,164319,234,180,41,147,306,106,552,4
18:32:35.603538,164329,212,162,36,133,277,114,555,4
18:32:35.607308,164339,192,147,33,119,252,120,557,3
18:32:35.609281,164349,173,134,30,109,236,124,558,2
18:32:35.616972,164359,157,120,28,98,230,128,558,2
18:32:35.649143,164379,130,99,22,81,239,131,557,2
18:32:35.653540,164389,117,90,21,73,248,132,555,2
18:32:35.657600,164399,105,80,18,66,259,132,553,2
18:32:35.660864,164409,96,74,17,60,269,132,551,0
18:32:35.707638,164419,87,67,15,54,277,132,550,0
18:32:35.713187,164429,78,60,13,49,285,131,548,1
18:32:35.716107,164439,72,54,12,44,292,130,549,0
18:32:35.716107,164449,65,49,11,40,301,129,548,1
18:32:35.716107,164459,58,45,10,37,309,127,548,0
18:32:35.724638,164469,53,40,9,33,316,126,547,0
18:32:35.791359,164480,48,37,8,29,325,125,547,0
18:32:35.794653,164489,43,33,7,26,333,123,546,0
18:32:35.796888,164499,40,30,6,24,341,121,544,0
18:32:35.799329,164509,36,26,5,22,347,120,542,0
18:32:35.802060,164519,33,24,5,20,352,118,539,0
18:32:35.858493,164529,30,22,4,18,351,115,536,0
18:32:35.862832,164539,27,20,4,16,350,112,533,0
18:32:35.865068,164549,24,18,3,14,350,110,528,0
18:32:35.873685,164559,22,16,3,14,353,107,523,0
18:32:35.878083,164569,20,15,2,12,359,103,517,0
18:32:35.941674,164579,19,14,2,11,366,100,511,0
18:32:35.943823,164589,16,12,2,9,372,97,505,0
18:32:35.948784,164599,15,11,1,9,376,94,500,0
18:32:35.952370,164609,14,10,1,8,378,91,494,0
18:32:35.954144,164619,12,9,1,6,378,89,489,0
18:32:35.957775,164629,11,8,0,6,380,87,484,0
18:32:35.960212,164639,10,8,0,4,381,85,480,0
18:32:35.963893,164649,9,7,0,5,385,84,477,0
18:32:35.966822,164659,8,6,0,3,389,83,475,0
18:32:35.969255,164669,7,5,0,4,393,82,474,0
18:32:35.970236,164679,7,5,0,3,396,82,474,0
18:32:35.978862,164689,6,5,0,3,398,82,475,0
18:32:35.983585,164699,5,4,0,2,402,83,476,0
18:32:35.985710,164709,5,3,0,1,407,84,477,0
18:32:35.989932,164719,4,4,0,1,411,85,479,0
18:32:36.043930,164729,4,2,0,1,416,86,480,0
18:32:36.047331,164739,3,2,0,0,419,86,481,0
18:32:36.048395,164749,3,2,0,0,420,88,483,0
18:32:36.048395,164759,3,2,0,1,421,97,498,0
18:32:36.053464,164769,2,1,0,1,424,128,557,0
18:32:36.055897,164780,2,1,0,1,430,182,639,0
18:32:36.058127,164789,1,1,0,1,421,240,722,0
18:32:36.062091,164799,1,1,0,0,418,301,789,0
18:32:36.065353,164809,0,0,0,0,433,369,839,0
18:32:36.069944,164819,1,0,0,1,454,441,870,4
18:32:36.125099,164829,1,0,0,0,473,504,886,30
18:32:36.126387,164839,0,0,0,0,493,562,895,74
18:32:36.126387,164849,0,0,0,0,510,610,902,131
18:32:36.134547,164859,0,0,0,0,524,654,908,193
18:32:36.135928,164869,0,0,0,0,534,695,911,260
18:32:36.196051,164879,0,0,0,3,545,733,916,328
18:32:36.200109,164889,0,0,12,15,558,761,919,394
18:32:36.203715,164899,0,1,66,34,576,783,921,455
18:32:36.205338,164909,0,24,136,59,606,797,923,513
18:32:36.207898,164919,0,79,203,91,638,808,926,564
18:32:36.276013,164929,0,161,260,123,671,816,928,604
18:32:36.278470,164939,0,250,307,154,700,822,930,639
18:32:36.281875,164950,0,340,349,184,727,826,931,667
18:32:36.284165,164959,0,426,385,218,752,829,931,690
18:32:36.287059,164969,0,502,417,252,776,832,932,708
18:32:36.292575,164979,0,565,446,286,797,835,932,722
18:32:36.296549,164989,0,617,473,317,815,836,933,732
18:32:36.299961,164999,0,657,497,347,830,838,933,738
18:32:36.302237,165009,0,688,521,374,843,839,933,742
18:32:36.305051,165019,0,714,541,401,853,840,932,746
18:32:36.319179,165029,0,733,560,425,860,840,932,746
18:32:36.326221,165039,0,748,574,446,866,841,930,746
18:32:36.328332,165049,0,761,588,466,871,841,929,745
18:32:36.335894,165059,0,769,601,482,873,840,927,743
18:32:36.338232,165069,0,776,612,500,875,839,925,742
18:32:36.363830,165079,0,781,622,517,877,838,924,741
18:32:36.375868,165089,0,786,631,529,879,836,922,738
18:32:36.382551,165099,0,790,638,542,880,834,920,735
18:32:36.385661,165109,0,793,647,553,881,831,917,732
18:32:36.393817,165120,0,796,653,562,883,828,915,727
18:32:36.423718,165129,0,799,660,574,884,823,913,721
18:32:36.427654,165139,0,802,667,586,886,819,909,713
18:32:36.430078,165149,0,807,675,601,889,813,906,705
18:32:36.433082,165159,0,808,680,613,888,805,901,695
18:32:36.434969,165169,0,812,685,624,890,798,898,687
18:32:36.463889,165179,7,817,691,635,892,790,894,678
18:32:36.473570,165189,22,820,697,646,893,780,890,667
18:32:36.476516,165199,47,824,702,656,895,770,885,654
18:32:36.479939,165209,83,827,706,664,897,760,880,639
18:32:36.482316,165219,123,830,711,674,899,748,874,622
18:32:36.484894,165229,170,834,716,681,900,736,866,604
18:32:36.541788,165239,222,837,719,689,902,721,858,584
18:32:36.545034,165249,276,840,724,697,903,705,847,561
18:32:36.547307,165259,332,843,728,707,905,687,833,536
18:32:36.548488,165269,385,845,731,716,906,667,818,506
18:32:36.553284,165279,438,847,735,724,907,644,801,473
18:32:36.607281,165289,490,851,740,733,909,617,780,439
18:32:36.611912,165299,538,853,743,741,911,590,759,403
18:32:36.614396,165309,580,855,747,747,911,561,735,368
18:32:36.616736,165319,616,856,750,754,914,530,711,332
18:32:36.619207,165329,649,859,752,760,914,497,687,300
18:32:36.673613,165339,678,860,754,766,916,465,665,271
18:32:36.676172,165349,702,861,754,773,916,433,645,245
18:32:36.681609,165359,723,863,754,780,918,405,626,222
18:32:36.683671,165369,742,864,752,786,918,377,609,200
18:32:36.684980,165379,757,865,749,791,920,350,594,180
18:32:36.689205,165389,771,864,744,796,922,327,580,163
18:32:36.692698,165399,782,865,736,800,922,305,568,148
18:32:36.693697,165409,791,865,726,805,923,284,559,134
18:32:36.699450,165420,801,864,711,809,924,265,550,121
18:32:36.702015,165429,809,864,691,812,925,245,542,110
18:32:36.760004,165439,818,864,668,815,927,228,536,99
18:32:36.801617,165449,825,863,640,815,927,211,532,89
18:32:36.808653,165459,832,862,608,816,927,196,532,81
18:32:36.813701,165469,839,861,571,815,928,180,532,74
18:32:36.825032,165479,844,858,526,814,928,166,529,67
18:32:36.830851,165489,849,855,477,811,929,152,524,60
18:32:36.837200,165499,853,850,431,808,930,141,516,54
18:32:36.845540,165509,856,844,390,801,929,129,500,49
18:32:36.850818,165519,857,839,352,792,929,117,480,45
18:32:36.854875,165529,859,834,319,780,929,107,458,41
18:32:36.861350,165539,859,824,288,767,927,96,432,37
18:32:36.863858,165549,859,812,261,751,925,86,407,34
18:32:36.863858,165559,858,796,236,729,922,78,386,31
18:32:36.863858,165569,857,777,214,698,918,71,365,27
18:32:36.863858,165579,854,756,193,664,914,64,345,24
18:32:36.926964,165590,850,734,175,629,906,58,326,23
18:32:36.926964,165599,842,710,158,590,896,52,307,21
18:32:36.933642,165609,831,679,143,550,886,46,290,18
18:32:36.943766,165619,813,644,130,512,870,43,277,17
18:32:36.949031,165629,790,605,117,478,852,38,265,15
18:32:36.952057,165639,758,561,106,447,829,35,259,14
18:32:36.956990,165649,722,515,97,423,804,32,256,12
18:32:36.959382,165659,681,469,87,399,776,29,260,11
18:32:36.960459,165669,637,425,79,377,742,26,269,9
18:32:36.963677,165679,592,384,71,357,706,24,288,9
18:32:36.967011,165689,543,347,65,337,664,25,317,7
18:32:36.968154,165699,490,314,58,314,618,30,358,7
18:32:36.971533,165709,444,284,53,289,571,38,402,7
18:32:36.972564,165719,402,257,48,262,519,52,443,5
18:32:36.975990,165729,362,232,44,236,469,66,475,6
18:32:37.013917,165739,328,210,40,214,424,78,500,4
18:32:37.023796,165749,298,190,36,193,384,90,519,4
18:32:37.029829,165760,269,173,32,175,348,99,533,4
18:32:37.032576,165769,244,156,30,159,314,107,545,3
18:32:37.037058,165779,221,142,27,143,285,114,553,3
18:32:37.065760,165789,200,128,24,130,258,121,561,2
18:32:37.073466,165799,181,116,22,118,235,126,568,2
18:32:37.079961,165809,164,105,20,106,212,131,573,1
18:32:37.081257,165819,148,96,17,97,194,136,577,1
18:32:37.086697,165829,135,86,16,88,182,139,579,1
18:32:37.115621,165839,122,78,14,79,174,143,580,1
18:32:37.123711,165849,110,70,13,72,171,147,580,1
18:32:37.127347,165859,100,64,12,65,168,149,581,1
18:32:37.129780,165869,91,58,11,59,169,153,583,0
18:32:37.131176,165879,82,52,10,53,168,156,584,1
18:32:37.169866,165889,75,47,9,48,169,158,585,0
18:32:37.174794,165899,68,43,7,43,170,161,586,0
18:32:37.177421,165909,61,39,7,39,172,163,586,0
18:32:37.179461,165919,55,36,6,36,173,165,586,0
18:32:37.182295,165929,50,32,6,33,173,167,587,0
18:32:37.185968,165939,46,29,5,29,173,169,587,0
18:32:37.243517,165949,41,26,4,26,173,170,587,0
18:32:37.250806,165959,37,24,3,24,173,170,588,0
18:32:37.254860,165969,34,22,3,22,173,170,589,0
18:32:37.261570,165979,30,20,2,20,176,171,590,0
18:32:37.263584,165989,28,18,2,17,179,171,590,0
18:32:37.325889,165999,25,16,2,15,181,172,590,0
18:32:37.333451,166009,23,14,2,14,183,173,589,0
18:32:37.336795,166019,21,13,2,13,187,173,588,0
18:32:37.342294,166029,19,12,1,11,188,173,587,0
18:32:37.347371,166039,17,11,2,10,189,174,587,0
18:32:37.350594,166049,15,10,1,9,188,174,588,0
18:32:37.353090,166060,14,9,0,8,185,174,590,0
18:32:37.354632,166069,13,8,1,7,180,175,590,0
18:32:37.354632,166079,11,7,0,7,172,175,592,0
18:32:37.359156,166089,10,6,0,6,166,175,594,0
18:32:37.426250,166099,9,5,0,5,160,175,596,0
18:32:37.431309,166109,8,5,0,5,156,175,598,0
18:32:37.437719,166119,7,4,0,4,155,176,601,0
18:32:37.442633,166129,7,4,0,4,156,177,605,0
18:32:37.448136,166139,6,4,0,3,166,180,609,0
18:32:37.451869,166149,5,3,0,2,188,185,611,0
18:32:37.454483,166159,5,5,0,2,234,192,612,0
18:32:37.458651,166169,4,12,0,4,300,199,608,0
18:32:37.461178,166179,4,27,0,12,374,207,601,0
18:32:37.463179,166189,3,47,0,32,454,216,595,0
