Hora,Tiempo,Derecha_S1,Derecha_S2,Derecha_S3,Derecha_S4,Derecha_S5,Derecha_S6,Derecha_S7,Derecha_S8
16:33:39.859183,28669,5,1,1,1,0,0,1,0
16:33:39.875021,28719,1,4,0,0,0,0,0,0
16:33:39.879802,28729,1,0,1,0,0,0,0,1
16:33:39.884300,28739,0,0,0,0,0,0,1,0
16:33:39.886431,28749,3,1,1,1,0,0,1,0
16:33:39.886431,28759,3,1,1,1,0,0,1,0
16:33:39.892609,28769,0,0,0,0,0,0,0,0
16:33:39.893196,28779,3,1,1,1,0,0,1,2
16:33:39.898960,28789,3,1,1,1,0,0,2,0
16:33:39.902136,28800,0,0,0,0,0,0,0,0
16:33:39.903203,28809,0,0,0,0,0,0,0,0
16:33:39.909317,28819,0,0,0,0,0,0,0,0
16:33:39.914330,28829,0,0,0,0,0,0,0,0
16:33:39.917475,28839,0,0,0,0,0,0,0,0
16:33:39.919700,28849,0,0,0,0,0,0,0,0
16:33:39.919700,28859,0,0,0,0,0,0,0,0
16:33:39.924786,28869,0,0,0,0,0,0,0,0
16:33:39.926443,28879,0,0,0,0,0,0,0,0
16:33:39.926443,28889,0,0,0,0,0,0,0,0
16:33:39.935281,28899,0,0,0,0,0,0,0,0
16:33:39.938773,28909,0,0,0,0,0,0,0,0
16:33:39.938773,28919,0,0,0,0,0,0,0,0
16:33:39.943834,28929,0,0,0,0,0,0,0,0
16:33:39.945953,28939,0,0,0,0,0,0,0,0
16:33:39.948497,28949,0,0,0,0,0,0,0,0
16:33:39.950438,28959,0,0,0,0,0,0,0,0
16:33:39.952671,28969,0,0,0,0,0,0,0,0
16:33:39.952671,28979,0,0,0,0,0,0,0,0
16:33:39.956296,28989,0,0,0,0,0,0,0,0
16:33:39.958610,28999,0,0,0,0,0,0,0,0
16:33:39.959576,29009,0,0,0,0,0,0,0,0
16:33:39.964251,29019,0,0,0,0,0,0,0,0
16:33:39.966814,29029,0,0,0,0,0,0,0,0
16:33:39.967892,29039,0,0,0,0,0,0,0,0
16:33:39.971805,29049,0,0,0,0,0,0,0,0
16:33:39.973923,29059,0,0,0,0,0,0,0,0
16:33:39.976375,29069,0,0,0,0,0,0,0,0
16:33:39.980511,29079,0,0,0,0,0,0,0,0
16:33:39.982892,29089,0,0,0,0,0,0,0,0
16:33:39.984163,29100,0,0,0,0,0,0,0,0
16:33:39.984163,29109,0,0,0,0,0,0,0,0
16:33:39.989199,29119,0,0,0,0,0,0,0,0
16:33:39.992097,29129,0,0,0,0,0,0,0,0
16:33:39.993133,29139,0,0,0,0,0,0,0,0
16:33:39.997973,29149,0,0,0,0,0,0,0,0
16:33:40.000701,29159,0,0,0,0,0,0,0,0
16:33:40.001800,29169,0,0,0,0,0,0,0,0
16:33:40.003354,29179,0,0,0,0,0,0,0,0
16:33:40.007349,29189,0,0,0,0,0,0,0,0
16:33:40.011966,29199,0,0,0,0,0,0,0,0
16:33:40.013874,29209,0,0,0,0,0,0,0,0
16:33:40.015029,29219,0,0,0,0,0,0,0,0
16:33:40.017271,29229,0,0,0,0,0,0,0,0
16:33:40.018385,29239,0,0,0,0,0,0,0,0
16:33:40.021994,29249,0,0,0,0,0,0,0,0
16:33:40.023170,29259,0,0,0,0,0,0,0,0
16:33:40.025770,29270,0,0,0,0,0,0,0,0
16:33:40.030226,29279,0,0,0,0,0,0,0,0
16:33:40.031387,29289,0,0,0,0,0,0,0,0
16:33:40.033458,29299,0,0,0,0,0,0,0,0
16:33:40.035609,29309,0,0,0,0,0,0,0,0
16:33:40.037477,29319,0,0,0,0,0,0,0,0
16:33:40.039606,29329,0,0,0,0,0,0,0,0
16:33:40.040957,29339,0,0,0,0,0,0,0,0
16:33:40.042998,29349,0,0,0,0,0,0,0,0
16:33:40.047351,29359,0,0,0,0,0,0,0,0
16:33:40.049133,29369,0,0,0,0,0,0,0,0
16:33:40.051555,29379,0,0,0,0,0,0,0,0
16:33:40.052585,29389,0,0,0,0,0,0,0,0
16:33:40.055005,29399,0,0,0,0,0,0,0,0
16:33:40.056015,29409,0,0,0,0,0,0,0,0
16:33:40.057044,29419,0,0,0,0,0,0,0,0
16:33:40.061005,29429,0,0,0,0,0,0,0,0
16:33:40.063457,29440,0,0,0,0,0,0,0,0
16:33:40.065513,29449,0,0,0,0,0,0,0,0
16:33:40.066900,29459,0,0,0,0,0,0,0,0
16:33:40.069042,29469,0,0,0,0,0,0,0,0
16:33:40.071085,29479,0,0,0,0,0,0,0,0
16:33:40.072093,29489,0,0,0,0,0,0,0,0
16:33:40.074232,29499,0,0,0,0,0,0,0,0
16:33:40.077142,29509,0,0,0,0,0,0,0,0
16:33:40.078629,29519,0,0,0,0,0,0,0,0
16:33:40.081725,29529,0,0,0,0,0,0,0,0
16:33:40.083842,29539,0,0,0,0,0,0,0,0
16:33:40.084972,29549,0,0,0,0,0,0,0,0
16:33:40.086038,29559,0,0,0,0,0,0,0,0
16:33:40.088962,29569,0,0,0,0,0,0,0,0
16:33:40.090449,29579,0,0,0,0,0,0,0,0
16:33:40.093013,29589,0,0,0,0,0,0,0,0
16:33:40.093013,29599,0,0,0,0,0,0,0,0
16:33:40.098048,29609,0,0,0,0,0,0,0,0
16:33:40.099434,29619,0,0,0,0,0,0,0,0
16:33:40.101557,29629,0,0,0,0,0,0,0,0
16:33:40.102700,29639,0,0,0,0,0,0,0,0
16:33:40.104760,29649,0,0,0,0,0,0,0,0
16:33:40.106011,29659,0,0,0,0,0,0,0,0
16:33:40.108575,29669,0,0,0,0,0,0,0,0
16:33:40.109686,29679,0,0,0,0,0,0,0,0
16:33:40.113485,29689,0,0,0,0,0,0,0,0
16:33:40.115560,29699,0,0,0,0,0,0,0,0
16:33:40.116630,29709,0,0,0,0,0,0,0,0
16:33:40.117856,29719,0,0,0,0,0,0,0,0
16:33:40.121102,29729,0,0,0,0,0,0,0,0
16:33:40.122314,29740,0,0,0,0,0,0,0,0
16:33:40.124455,29749,0,0,0,0,0,0,0,0
16:33:40.126291,29759,0,0,0,0,0,0,0,0
16:33:40.129958,29769,0,0,0,0,0,0,0,0
16:33:40.131355,29779,0,0,0,0,0,0,0,0
16:33:40.133720,29789,0,0,0,0,0,0,0,0
16:33:40.133720,29799,0,0,0,0,0,0,0,0
16:33:40.137133,29809,1,1,0,0,0,0,0,0
16:33:40.138308,29819,0,0,0,0,0,0,0,0
16:33:40.140673,29829,0,0,0,0,0,0,0,0
16:33:40.142980,29839,0,0,0,4,1,1,6,0
16:33:40.146452,29849,0,0,0,5,1,1,6,0
16:33:40.148813,29859,1,1,0,0,0,0,0,0
16:33:40.150205,29869,0,0,0,0,0,0,0,0
16:33:40.152605,29879,1,0,0,0,0,0,0,0
16:33:40.154794,29889,1,1,0,0,0,0,0,0
16:33:40.155827,29899,0,0,0,0,0,0,0,0
16:33:40.158321,29910,0,0,0,7,1,1,1,0
16:33:40.162255,29919,0,0,0,8,1,1,1,0
16:33:40.164329,29929,0,0,0,7,1,1,1,1
16:33:40.165891,29939,1,2,0,6,1,0,1,1
16:33:40.166896,29949,0,0,0,3,1,1,1,0
16:33:40.169957,29959,0,0,0,3,1,1,1,1
16:33:40.171731,29969,0,0,0,3,1,1,1,0
16:33:40.174539,29979,1,1,2,0,0,0,0,0
16:33:40.176828,29989,0,0,0,0,0,0,0,0
16:33:40.178970,29999,0,0,0,2,1,1,1,1
16:33:40.180033,30009,1,1,0,0,0,0,0,0
16:33:40.183345,30019,1,0,0,0,0,0,0,0
16:33:40.184424,30029,0,0,0,3,1,1,1,1
16:33:40.185750,30039,0,0,0,2,1,1,1,0
16:33:40.187310,30049,1,1,4,0,0,0,0,0
16:33:40.190003,30059,1,1,4,0,0,0,0,0
16:33:40.191234,30069,0,0,0,0,0,0,0,0
16:33:40.194886,30080,0,0,0,0,1,1,1,4
16:33:40.197062,30089,0,0,0,0,0,0,0,0
16:33:40.199514,30099,0,0,0,0,2,1,1,1
16:33:40.200523,30109,0,0,0,0,1,1,1,4
16:33:40.201546,30119,0,0,0,0,1,1,1,4
16:33:40.203976,30129,0,0,0,0,1,1,1,4
16:33:40.205134,30139,0,0,0,0,2,1,1,4
16:33:40.207175,30149,1,1,3,0,0,0,0,0
16:33:40.209587,30159,0,0,0,0,0,0,0,0
16:33:40.212053,30169,0,0,0,0,0,0,0,0
16:33:40.214392,30179,0,0,0,0,2,0,1,1
16:33:40.215752,30189,0,0,0,0,2,1,2,5
16:33:40.216876,30199,1,1,1,0,0,0,0,0
16:33:40.219766,30209,0,0,0,0,0,0,0,0
16:33:40.220960,30219,0,0,0,0,0,0,0,0
16:33:40.223038,30229,0,0,0,0,0,0,0,0
16:33:40.224126,30239,0,0,0,0,0,0,0,0
16:33:40.226129,30249,0,0,0,0,4,0,1,1
16:33:40.230316,30259,0,0,0,0,5,1,1,7
16:33:40.232145,30269,1,1,1,0,0,0,0,0
16:33:40.233252,30279,0,0,0,0,0,0,0,0
16:33:40.235418,30289,0,0,0,0,5,1,1,3
16:33:40.236516,30299,0,0,0,0,6,1,1,3
16:33:40.236516,30309,0,0,0,0,7,1,1,1
16:33:40.240417,30319,0,0,0,0,8,1,1,1
16:33:40.242647,30329,0,0,0,0,8,1,1,1
16:33:40.244792,30339,0,0,0,0,7,1,1,1
16:33:40.247707,30349,0,0,0,0,5,1,1,1
16:33:40.249745,30359,0,0,0,0,4,1,1,1
16:33:40.250753,30369,0,0,0,0,0,0,0,0
16:33:40.251779,30380,1,0,0,0,0,0,0,0
16:33:40.254589,30389,0,0,0,0,0,0,0,0
16:33:40.256678,30399,0,0,0,0,0,0,0,0
16:33:40.258737,30409,0,0,0,0,0,0,0,0
16:33:40.259512,30419,0,0,0,0,0,0,0,0
16:33:40.264083,30429,0,0,0,0,0,0,0,0
16:33:40.266543,30439,0,0,0,0,0,0,0,0
16:33:40.267568,30449,0,0,0,0,0,0,0,0
16:33:40.269027,30459,0,0,0,0,0,0,0,0
16:33:40.271102,30469,0,0,0,0,0,1,1,1
16:33:40.273124,30479,0,0,0,0,0,0,0,0
16:33:40.275277,30489,0,0,0,0,0,0,0,0
16:33:40.276130,30499,0,0,0,0,0,0,0,0
16:33:40.280790,30509,1,1,1,6,0,0,0,0
16:33:40.282851,30519,0,0,0,0,0,0,0,0
16:33:40.283858,30529,0,0,0,0,0,0,0,0
16:33:40.284896,30539,0,0,0,0,0,0,0,0
16:33:40.287652,30550,0,0,0,0,0,2,1,1
16:33:40.289753,30559,0,0,0,0,0,0,0,0
16:33:40.291622,30569,0,0,0,0,0,0,0,0
16:33:40.294846,30579,0,0,0,0,0,0,0,0
16:33:40.297164,30589,0,0,0,0,0,0,0,0
16:33:40.298256,30599,0,0,0,0,0,0,0,0
16:33:40.300877,30609,0,0,0,0,0,2,1,1
16:33:40.302914,30619,0,0,0,0,0,3,1,1
16:33:40.304930,30629,0,0,0,0,0,2,1,1
16:33:40.304930,30639,0,0,0,0,0,3,1,1
16:33:40.311375,30649,1,1,1,1,0,0,0,0
16:33:40.313442,30659,4,0,0,0,0,0,0,0
16:33:40.315652,30669,1,0,0,0,0,0,0,0
16:33:40.318011,30679,4,0,0,0,0,0,0,0
16:33:40.320128,30689,4,0,0,0,0,0,0,0
16:33:40.320128,30699,4,0,0,0,0,0,0,0
16:33:40.323445,30709,4,0,0,0,0,0,0,0
16:33:40.326260,30720,0,0,0,0,0,0,0,0
16:33:40.329069,30729,4,0,0,0,0,0,0,0
16:33:40.332209,30739,1,1,1,1,2,0,0,0
16:33:40.334241,30749,0,0,0,0,0,0,0,0
16:33:40.336243,30759,0,0,0,0,0,0,0,0
16:33:40.336243,30769,0,0,0,0,0,0,0,0
16:33:40.340727,30779,0,0,0,0,0,0,0,0
16:33:40.343921,30789,0,0,0,0,0,0,0,0
16:33:40.344925,30799,0,0,0,0,0,0,0,0
16:33:40.349083,30809,1,1,1,1,4,0,0,0
16:33:40.351583,30819,0,0,0,0,0,0,0,0
16:33:40.352578,30829,0,0,0,0,0,0,0,0
16:33:40.382933,30839,0,0,0,0,0,0,0,0
16:33:40.386742,30849,0,0,0,0,0,3,1,1
16:33:40.397122,30859,0,0,0,0,0,0,0,0
16:33:40.399376,30869,0,0,0,0,0,0,0,0
16:33:40.401505,30879,0,0,0,0,0,0,0,0
16:33:40.402845,30889,0,0,0,0,0,0,0,0
16:33:40.402845,30899,0,0,0,0,0,0,0,0
16:33:40.402845,30909,0,0,0,0,0,0,0,0
16:33:40.409631,30919,0,0,0,0,0,0,0,0
16:33:40.413169,30929,0,0,0,0,0,0,1,1
16:33:40.415697,30939,0,0,0,0,0,0,1,1
16:33:40.416979,30949,1,1,1,1,6,0,0,0
16:33:40.418423,30959,4,0,0,0,0,0,0,0
16:33:40.421195,30969,4,3,0,0,0,0,0,0
16:33:40.421195,30979,4,0,0,0,0,0,0,0
16:33:40.424792,30989,5,0,0,0,0,0,0,0
16:33:40.429259,30999,5,0,0,0,0,0,0,0
16:33:40.429259,31009,5,1,0,0,0,0,0,0
16:33:40.432973,31020,4,0,0,0,0,0,2,1
16:33:40.434986,31029,0,0,0,0,0,0,3,1
16:33:40.437007,31039,0,0,0,0,0,0,3,1
16:33:40.437007,31049,0,0,0,0,0,0,3,1
16:33:40.440942,31059,0,0,0,0,0,0,4,1
16:33:40.444848,31069,0,0,0,0,0,0,0,0
16:33:40.445844,31079,0,0,0,0,0,0,0,0
16:33:40.449099,31089,0,0,0,0,0,0,0,0
16:33:40.451114,31099,0,0,0,0,0,0,0,0
16:33:40.452387,31109,3,0,0,0,0,0,0,0
16:33:40.453867,31119,0,0,0,0,0,0,0,0
16:33:40.456835,31129,0,0,0,0,0,0,0,0
16:33:40.459371,31139,0,0,0,0,0,0,0,0
16:33:40.459371,31149,0,0,0,0,0,0,0,0
16:33:40.464458,31159,0,0,0,0,0,0,0,0
16:33:40.466493,31169,0,0,0,0,0,0,0,0
16:33:40.467498,31179,0,0,0,0,0,0,0,0
16:33:40.468520,31190,0,0,0,0,0,0,0,0
16:33:40.470927,31199,0,0,0,0,0,0,3,1
16:33:40.472967,31209,0,0,0,0,0,0,3,1
16:33:40.473971,31219,0,0,0,0,0,0,3,1
16:33:40.476279,31229,0,0,0,0,0,0,3,1
16:33:40.479599,31239,0,0,0,0,0,0,2,1
16:33:40.481673,31249,1,1,1,1,1,4,0,0
16:33:40.482920,31259,0,1,0,0,0,0,0,0
16:33:40.482920,31269,0,1,0,0,0,0,0,0
16:33:40.482920,31279,0,1,0,0,0,0,0,0
16:33:40.482920,31289,1,1,1,0,0,0,0,0
16:33:40.489724,31299,1,0,0,0,0,1,1,0
16:33:40.491758,31309,0,0,0,0,0,0,0,1
16:33:40.492809,31319,1,1,1,1,1,5,0,0
16:33:40.498560,31329,0,2,0,0,0,0,0,0
16:33:40.499622,31339,0,2,4,0,0,0,0,0
16:33:40.501105,31349,0,0,0,0,0,0,0,0
16:33:40.502548,31360,0,0,0,0,0,0,0,0
16:33:40.505813,31369,0,0,0,0,0,0,0,0
16:33:40.506879,31379,0,0,0,0,0,0,0,0
16:33:40.509494,31389,0,0,0,0,0,0,0,0
16:33:40.509494,31399,0,0,0,0,0,0,0,0
16:33:40.514270,31409,0,0,0,0,0,0,0,0
16:33:40.515424,31419,0,0,0,0,0,0,0,0
16:33:40.517444,31429,0,0,0,0,0,0,0,0
16:33:40.518460,31439,0,0,0,0,0,0,0,0
16:33:40.520788,31449,0,0,0,0,0,0,0,0
16:33:40.521987,31459,0,0,0,0,0,0,0,0
16:33:40.524010,31469,0,0,0,0,0,0,0,0
16:33:40.526947,31479,1,1,1,1,1,1,0,0
16:33:40.528999,31489,0,0,0,0,0,0,0,0
16:33:40.531185,31499,0,0,0,0,0,0,0,0
16:33:40.532976,31509,0,0,0,0,0,0,0,0
16:33:40.535359,31519,0,0,0,0,0,0,0,6
16:33:40.536365,31529,0,0,0,0,0,0,0,0
16:33:40.537389,31539,0,0,0,0,0,0,0,0
16:33:40.539852,31549,1,1,1,1,1,1,0,0
16:33:40.541890,31559,1,1,1,1,1,1,0,0
16:33:40.544588,31569,0,0,0,0,0,0,0,0
16:33:40.546396,31579,0,0,0,0,0,0,0,0
16:33:40.548431,31589,0,0,0,0,0,0,0,0
16:33:40.549444,31599,0,0,0,0,0,0,0,0
16:33:40.550465,31609,0,0,0,0,0,0,0,0
16:33:40.553155,31619,1,1,1,1,1,1,4,0
16:33:40.555181,31629,0,0,0,0,0,0,0,0
16:33:40.556185,31639,0,0,0,0,0,0,0,0
16:33:40.558739,31649,0,0,0,0,0,0,0,0
16:33:40.561139,31660,0,0,0,0,0,0,0,0
16:33:40.563173,31669,0,0,0,0,0,0,0,0
16:33:40.564330,31679,0,0,0,0,0,0,0,0
16:33:40.564330,31689,1,1,1,1,1,1,4,0
16:33:40.568730,31699,0,0,0,0,0,0,0,0
16:33:40.570760,31709,0,0,0,0,0,0,0,0
16:33:40.571764,31719,0,0,0,0,0,0,0,0
16:33:40.572787,31729,0,0,0,0,0,0,0,0
16:33:40.576133,31739,0,0,0,0,0,0,0,0
16:33:40.579032,31749,0,0,0,0,0,0,0,0
16:33:40.580034,31759,1,1,1,1,1,1,6,0
16:33:40.582316,31769,1,1,1,1,1,1,6,0
16:33:40.584346,31779,0,0,0,0,0,0,0,0
16:33:40.585402,31789,0,0,0,0,0,0,0,0
16:33:40.586424,31799,0,0,0,0,0,0,0,0
16:33:40.588919,31809,0,0,0,0,0,0,0,0
16:33:40.591026,31819,0,0,0,0,0,0,0,0
16:33:40.592031,31830,1,1,1,1,1,1,1,0
16:33:40.592769,31839,0,0,0,0,0,0,0,0
16:33:40.597298,31849,0,0,0,0,0,0,0,0
16:33:40.599325,31859,0,0,0,0,0,0,0,0
16:33:40.600330,31869,0,0,0,0,0,0,0,0
16:33:40.601352,31879,0,0,0,0,0,0,0,0
16:33:40.603821,31889,0,0,0,0,0,0,0,0
16:33:40.605843,31899,1,1,1,1,1,1,1,0
16:33:40.606848,31909,0,0,0,0,0,0,0,0
16:33:40.609629,31919,0,0,0,0,0,0,0,0
16:33:40.611827,31929,0,0,0,0,0,0,0,0
16:33:40.614326,31939,0,0,0,0,0,0,0,0
16:33:40.615588,31949,0,0,0,0,0,0,0,0
16:33:40.615588,31959,0,0,0,0,0,0,0,0
16:33:40.615588,31969,0,0,0,0,0,0,0,0
16:33:40.615588,31979,0,0,0,0,0,0,0,0
16:33:40.615588,31989,0,0,0,0,0,0,0,0
16:33:40.625069,32000,0,0,0,0,0,0,0,0
16:33:40.628120,32009,0,0,0,0,0,0,0,0
16:33:40.629202,32019,0,0,0,0,0,0,0,0
16:33:40.632030,32029,0,0,0,0,0,0,0,0
16:33:40.633353,32039,0,0,0,0,0,0,0,0
16:33:40.635401,32049,0,0,0,0,0,0,0,0
16:33:40.636413,32059,0,0,0,0,0,0,0,0
16:33:40.636413,32069,1,0,0,1,0,0,0,0
16:33:40.640728,32079,0,0,0,0,0,0,0,0
16:33:40.642802,32089,0,0,0,0,0,0,0,0
16:33:40.645523,32099,0,0,0,0,0,0,0,0
16:33:40.647279,32109,0,0,0,0,0,0,0,0
16:33:40.649378,32119,1,0,0,2,3,0,0,0
16:33:40.650382,32129,1,1,1,1,1,1,1,5
16:33:40.651405,32139,0,0,0,0,0,0,0,0
16:33:40.653691,32149,0,0,0,0,0,0,0,0
16:33:40.655734,32159,0,0,0,0,0,0,0,0
16:33:40.656739,32169,0,0,0,0,0,0,0,0
16:33:40.659566,32179,0,0,0,0,0,0,0,0
16:33:40.662144,32189,0,0,0,0,0,0,0,0
16:33:40.664341,32199,1,1,1,1,1,1,1,3
16:33:40.666382,32209,1,1,1,1,1,1,1,3
16:33:40.666382,32219,0,0,0,0,0,0,0,0
16:33:40.669396,32229,0,0,0,0,0,0,0,0
16:33:40.671432,32239,0,0,0,0,0,0,0,0
16:33:40.672437,32249,0,0,0,0,0,0,0,0
16:33:40.673460,32259,1,4,0,6,1,0,0,0
16:33:40.676932,32269,0,0,0,0,0,0,0,0
16:33:40.678968,32279,0,0,0,0,0,0,0,0
16:33:40.681441,32289,0,0,0,0,0,0,0,0
16:33:40.682464,32300,0,0,0,0,0,0,0,0
16:33:40.684496,32309,0,0,0,0,0,0,0,0
16:33:40.685581,32319,1,5,0,5,0,0,0,0
16:33:40.685581,32329,0,0,0,0,0,0,0,0
16:33:40.689680,32339,0,0,0,0,0,0,0,0
16:33:40.690747,32349,0,0,0,0,0,0,0,0
16:33:40.692778,32359,0,0,0,0,0,0,0,0
16:33:40.692778,32369,0,0,0,0,0,0,0,0
16:33:40.697665,32379,0,0,0,0,0,0,0,0
16:33:40.698845,32389,0,0,0,0,0,0,0,0
16:33:40.700932,32399,0,0,0,0,0,0,0,0
16:33:40.701948,32409,0,0,0,0,0,0,0,0
16:33:40.703996,32419,0,0,0,0,0,0,0,0
16:33:40.706072,32429,0,0,0,0,0,0,0,0
16:33:40.707111,32439,0,0,0,0,0,0,0,0
16:33:40.709119,32449,0,0,0,0,0,0,0,0
16:33:40.712050,32459,0,0,0,0,0,0,0,0
16:33:40.714410,32470,0,0,0,0,0,0,0,0
16:33:40.715446,32479,0,0,0,0,0,0,0,0
16:33:40.716588,32489,0,0,0,0,0,0,0,0
16:33:40.719175,32499,0,0,0,0,0,0,0,0
16:33:40.720212,32509,0,0,0,0,1,0,0,0
16:33:40.722428,32519,0,0,0,0,0,0,0,0
16:33:40.723480,32529,1,1,0,0,2,3,0,0
16:33:40.726385,32539,0,0,0,0,0,0,0,0
16:33:40.729545,32549,0,0,0,0,0,0,0,0
16:33:40.731951,32559,0,0,0,0,0,0,0,0
16:33:40.733518,32569,1,0,0,0,1,0,0,0
16:33:40.735030,32579,0,0,1,0,0,0,0,0
16:33:40.735030,32589,0,0,0,0,0,0,0,0
16:33:40.735030,32599,0,0,0,0,0,0,0,0
16:33:40.740818,32609,0,0,0,0,0,0,0,0
16:33:40.743656,32619,0,0,0,0,0,0,0,0
16:33:40.745683,32629,1,1,4,0,5,3,0,0
16:33:40.748021,32640,0,0,0,0,0,0,0,0
16:33:40.749365,32649,0,0,0,0,0,0,0,0
16:33:40.751552,32659,0,0,0,0,0,0,0,0
16:33:40.752659,32669,0,0,0,0,0,0,0,0
16:33:40.752659,32679,0,0,0,0,0,0,0,0
16:33:40.756539,32689,0,0,0,0,0,0,0,0
16:33:40.757569,32699,0,0,0,0,0,0,0,0
16:33:40.761068,32709,0,0,0,0,0,0,0,0
16:33:40.761068,32719,0,0,0,0,0,0,0,0
16:33:40.764962,32729,0,0,0,0,0,0,0,0
16:33:40.767124,32739,1,1,1,1,1,1,1,1
16:33:40.768131,32749,0,0,0,0,0,0,0,0
16:33:40.769168,32759,0,0,0,0,0,0,0,0
16:33:40.769168,32769,0,0,0,0,0,0,0,0
16:33:40.773176,32779,0,0,0,0,0,0,0,0
16:33:40.774367,32789,0,0,0,0,0,0,0,0
16:33:40.777748,32799,0,0,0,0,0,0,0,0
16:33:40.777748,32809,0,0,0,0,0,0,0,0
16:33:40.781514,32819,0,0,0,0,0,0,0,0
16:33:40.783728,32829,0,0,0,0,0,0,0,0
16:33:40.785115,32839,1,1,1,0,0,1,1,0
16:33:40.786139,32849,0,0,0,0,0,0,0,0
16:33:40.788219,32859,0,0,0,0,0,0,0,0
16:33:40.790591,32869,0,0,0,0,0,0,0,0
16:33:40.792618,32879,0,0,0,0,0,0,0,0
16:33:40.792618,32889,0,0,0,0,0,0,0,0
16:33:40.797867,32899,0,0,0,0,0,0,0,0
16:33:40.798936,32909,0,0,0,0,0,0,0,0
16:33:40.801531,32919,0,0,0,0,0,0,0,0
16:33:40.802598,32929,0,0,0,0,0,0,0,0
16:33:40.806330,32940,0,0,0,0,0,0,0,0
16:33:40.808428,32949,0,0,0,0,0,2,0,0
16:33:40.812552,32959,0,0,0,0,0,0,0,0
16:33:40.814852,32969,0,0,0,0,0,0,0,0
16:33:40.815898,32979,0,0,0,0,0,0,0,0
16:33:40.817242,32989,0,0,0,0,0,0,0,0
16:33:40.820109,32999,1,1,1,2,0,3,3,0
16:33:40.822379,33009,0,0,0,0,0,0,0,0
16:33:40.823378,33019,0,0,0,0,0,0,0,0
16:33:40.826339,33029,0,0,0,0,0,0,0,0
16:33:40.829852,33039,0,0,0,0,0,4,3,0
16:33:40.831979,33049,0,0,0,0,0,0,0,0
16:33:40.834864,33059,0,0,0,0,0,0,0,0
16:33:40.835941,33069,0,0,0,0,0,0,0,0
16:33:40.837101,33079,0,0,0,0,0,0,0,0
16:33:40.839341,33089,0,0,0,0,0,0,0,0
16:33:40.841123,33099,0,0,0,0,0,0,0,0
16:33:40.843702,33110,2,0,1,1,1,1,1,1
16:33:40.845733,33119,0,0,0,0,0,0,0,0
16:33:40.848643,33129,2,1,1,5,0,5,0,0
16:33:40.850778,33139,0,0,0,0,0,0,0,0
16:33:40.851786,33149,0,0,0,0,0,0,0,0
16:33:40.853128,33159,0,0,0,0,0,0,0,0
16:33:40.856436,33169,0,0,0,0,0,0,0,0
16:33:40.858512,33179,4,0,1,1,1,1,1,1
16:33:40.863219,33189,0,0,0,0,0,0,0,0
16:33:40.864251,33199,0,0,0,0,0,0,0,0
16:33:40.866652,33209,0,0,0,0,0,0,0,0
16:33:40.867796,33219,0,0,0,0,0,0,0,0
16:33:40.868986,33229,0,0,0,0,0,0,0,0
16:33:40.871937,33239,0,0,0,0,0,0,0,0
16:33:40.873020,33249,0,0,0,0,0,0,0,0
16:33:40.875103,33259,0,0,0,0,0,0,0,0
16:33:40.876110,33269,0,0,0,0,0,0,0,0
16:33:40.879939,33280,0,0,0,0,0,0,0,0
16:33:40.881184,33289,0,0,0,0,0,0,0,0
16:33:40.883369,33299,0,0,0,0,0,0,0,0
16:33:40.884432,33309,0,0,0,0,0,0,0,0
16:33:40.886665,33319,0,0,0,0,0,0,1,0
16:33:40.888884,33329,0,0,0,0,0,0,0,0
16:33:40.889955,33339,0,0,0,0,0,0,0,0
16:33:40.891084,33349,0,0,0,0,0,0,0,0
16:33:40.894555,33359,0,0,0,0,0,0,0,0
16:33:40.896611,33369,0,0,0,0,0,0,0,0
16:33:40.897635,33379,0,0,0,0,0,0,0,0
16:33:40.897635,33389,0,0,0,0,0,0,2,0
16:33:40.901926,33399,0,0,0,0,0,0,3,4
16:33:40.903976,33409,0,0,0,0,0,0,0,0
16:33:40.904981,33419,0,0,0,0,0,0,0,0
16:33:40.906004,33429,0,0,0,0,0,0,0,0
16:33:40.908214,33439,0,0,0,0,0,0,0,0
16:33:40.912091,33449,0,0,0,0,0,0,0,0
16:33:40.913167,33459,0,0,0,0,0,0,5,1
16:33:40.915572,33469,0,0,0,0,0,0,0,0
16:33:40.916715,33479,0,0,0,0,0,0,0,0
16:33:40.918768,33489,0,0,0,0,0,0,0,0
16:33:40.919792,33499,0,0,0,0,0,0,0,0
16:33:40.921891,33509,0,0,0,0,0,0,0,0
16:33:40.923926,33519,0,0,0,0,0,0,0,0
16:33:40.926011,34499,2,0,0,7,1,1,1,0
16:33:40.926011,34509,0,0,0,8,1,1,1,0
16:33:40.931423,34519,0,0,0,9,1,1,1,0
16:33:40.932430,34529,0,0,0,7,1,1,1,0
16:33:40.934485,34539,0,0,0,0,0,0,0,0
16:33:40.935509,34549,0,0,0,0,0,0,0,0
16:33:40.937747,34560,0,0,0,0,0,0,0,0
16:33:40.938891,34569,0,0,0,0,0,0,0,0
16:33:40.940935,34579,0,0,0,0,0,0,0,0
16:33:40.942849,34589,1,1,4,0,0,0,0,0
16:33:40.946581,34599,1,1,4,0,0,0,0,0
16:33:40.948656,34609,0,0,0,0,0,0,0,0
16:33:40.950286,34619,0,0,0,0,0,0,0,0
16:33:40.950286,34629,0,0,0,0,0,0,0,0
16:33:40.950286,34639,0,0,0,0,0,0,0,0
16:33:40.950286,34649,0,0,0,0,0,0,0,0
16:33:40.957566,34659,1,1,5,0,0,0,0,0
16:33:40.959698,34669,0,0,0,0,0,0,0,0
16:33:40.963715,34679,0,0,0,0,0,0,0,0
16:33:40.965757,34689,0,0,0,0,1,1,1,4
16:33:40.968259,34699,0,0,0,0,0,0,0,0
16:33:40.969258,34709,0,0,0,0,0,0,0,0
16:33:40.971798,34719,0,0,0,0,0,0,0,0
16:33:40.972915,34729,1,1,6,0,0,0,0,0
16:33:40.974962,34739,0,0,0,0,0,0,0,0
16:33:40.976007,34749,0,0,0,0,0,0,0,0
16:33:40.980317,34759,0,0,0,0,0,0,0,0
16:33:40.982403,34769,0,0,0,0,0,0,0,0
16:33:40.984562,34779,0,0,0,0,0,0,0,0
16:33:40.984562,34789,0,0,0,0,0,0,0,0
16:33:40.987712,34799,1,1,1,0,0,0,0,0
16:33:40.989936,34809,0,0,0,0,0,0,0,0
16:33:40.991006,34819,1,0,0,0,4,1,1,6
16:33:40.993167,34829,0,0,0,0,3,1,1,6
16:33:40.997032,34839,0,0,0,0,3,1,1,6
16:33:40.999099,34849,0,0,0,0,4,1,1,6
16:33:41.000167,34860,0,0,0,0,3,1,1,6
16:33:41.001705,34869,1,1,1,0,0,0,0,0
16:33:41.004368,34879,0,0,0,0,0,0,0,0
16:33:41.005464,34889,0,0,0,0,0,0,0,0
16:33:41.007607,34899,0,0,0,0,0,0,0,0
16:33:41.009572,34909,0,0,0,0,0,0,0,0
16:33:41.013180,34919,0,0,0,0,0,0,0,0
16:33:41.015423,34929,0,0,0,0,0,0,0,0
16:33:41.049032,34939,0,0,0,0,0,0,0,0
16:33:41.049032,34949,0,0,0,0,0,0,0,0
16:33:41.049032,34959,0,0,0,0,0,0,0,0
16:33:41.059912,34969,0,0,0,0,3,1,1,1
16:33:41.064334,34979,0,0,0,0,0,0,0,0
16:33:41.066678,34989,0,0,0,0,0,0,0,0
16:33:41.067677,34999,0,0,0,0,0,0,0,0
16:33:41.110246,35009,0,0,0,0,0,0,0,0
16:33:41.127012,35019,0,0,0,0,2,1,1,1
16:33:41.127012,35030,0,0,0,0,0,0,0,0
16:33:41.127012,35039,0,0,0,0,0,0,0,0
16:33:41.136564,35049,0,0,0,0,0,0,0,0
16:33:41.137600,35059,0,0,0,0,0,0,0,0
16:33:41.140081,35069,0,0,0,0,0,0,0,0
16:33:41.193997,35079,0,0,0,0,0,0,0,0
16:33:41.195060,35089,0,0,0,0,0,0,0,0
16:33:41.195060,35099,0,0,0,0,0,0,0,0
16:33:41.206046,35109,0,0,0,0,0,0,0,0
16:33:41.208237,35119,0,0,0,0,0,0,0,0
16:33:41.211160,35129,1,0,0,1,0,1,0,0
16:33:41.215070,35139,1,0,0,0,0,0,0,0
16:33:41.217102,35149,0,0,1,0,0,0,0,0
16:33:41.260184,35159,0,0,0,0,0,2,1,1
16:33:41.260184,35169,0,0,0,0,0,2,1,1
16:33:41.260184,35179,0,0,0,0,0,0,0,0
16:33:41.260184,35189,1,0,0,0,0,0,0,0
16:33:41.260184,35200,1,0,0,0,0,0,0,0
16:33:41.273255,35209,0,0,0,0,0,0,0,0
16:33:41.275304,35219,0,0,0,0,0,0,0,0
16:33:41.343638,35229,0,0,0,0,0,0,0,0
16:33:41.343638,35239,0,0,0,0,0,0,0,0
16:33:41.343638,35249,0,0,0,0,0,0,0,0
16:33:41.360205,35259,0,0,0,0,0,0,0,0
16:33:41.362247,35269,0,0,0,0,0,0,0,0
16:33:41.364244,35279,0,0,0,0,0,0,0,0
16:33:41.367323,35289,0,0,0,0,0,0,0,0
16:33:41.368327,35299,0,0,0,0,0,0,0,0
16:33:41.411534,35309,0,0,0,0,0,0,0,0
16:33:41.428516,35319,0,0,0,0,0,0,0,0
16:33:41.428516,35329,0,0,0,0,0,0,0,0
16:33:41.428516,35339,0,0,0,0,0,0,0,0
16:33:41.437854,35349,0,0,0,0,0,0,0,0
16:33:41.439896,35359,0,0,0,0,0,0,0,0
16:33:41.441061,35369,0,0,0,0,0,0,0,0
16:33:41.493907,35379,0,0,0,0,0,0,0,0
16:33:41.495080,35389,0,0,0,0,0,0,0,0
16:33:41.495080,35399,0,0,0,0,0,0,0,0
16:33:41.495080,35409,0,0,0,0,0,0,0,0
16:33:41.505382,35419,0,0,0,0,0,0,0,0
16:33:41.507730,35429,1,0,0,0,0,0,0,0
16:33:41.508729,35439,0,0,0,0,0,0,0,0
16:33:41.513283,35449,0,0,0,0,0,0,0,0
16:33:41.578323,35459,0,0,0,0,0,3,1,1
16:33:41.578323,35469,0,0,0,0,0,2,1,1
16:33:41.578323,35479,1,2,0,0,0,0,0,0
16:33:41.578323,35489,0,0,0,0,0,0,0,0
16:33:41.588706,35500,0,0,0,0,0,0,0,0
16:33:41.591104,35509,2,3,0,0,0,0,0,0
16:33:41.595097,35519,0,0,0,0,0,0,0,0
16:33:41.633883,35529,0,0,0,0,0,0,0,0
16:33:41.633883,35539,0,0,0,0,0,0,0,0
16:33:41.633883,35549,0,0,0,0,0,0,0,0
16:33:41.633883,35559,0,0,0,0,0,0,2,1
16:33:41.642627,35569,0,0,0,0,0,0,0,0
16:33:41.646080,35579,0,0,0,0,0,0,0,0
16:33:41.648241,35589,0,0,0,0,0,0,0,0
16:33:41.728656,35599,0,0,0,0,0,0,0,0
16:33:41.732360,35609,0,0,0,0,0,0,2,1
16:33:41.732360,35619,0,0,0,0,0,0,0,0
16:33:41.732360,35629,0,0,0,0,0,0,0,0
16:33:41.742370,35639,0,0,0,0,0,0,0,0
16:33:41.746258,35649,0,0,0,0,0,0,0,0
16:33:41.746258,35659,0,0,0,0,0,0,0,0
16:33:41.751821,35670,0,0,0,0,0,0,0,0
16:33:41.801610,35679,0,0,0,0,0,0,0,0
16:33:41.811167,35689,0,0,0,0,0,0,0,0
16:33:41.811167,35699,0,0,0,0,0,0,0,0
16:33:41.811167,35709,1,1,1,1,1,0,0,0
16:33:41.819399,35719,0,0,0,0,0,0,0,0
16:33:41.822034,35729,0,0,0,0,0,0,0,0
16:33:41.824582,35739,1,0,0,0,0,0,0,0
16:33:41.866911,35749,0,0,0,0,0,0,0,0
16:33:41.866911,35759,0,0,0,0,0,0,0,0
16:33:41.876867,35769,0,4,0,0,0,0,0,0
16:33:41.880247,35779,1,1,1,1,1,2,0,0
16:33:41.882624,35789,0,0,1,0,0,0,0,0
16:33:41.884793,35799,0,0,0,0,0,0,0,0
16:33:41.887614,35809,0,0,0,0,0,0,0,0
16:33:41.889918,35819,0,0,0,0,0,0,0,0
16:33:41.932143,35829,0,0,0,0,0,0,0,0
16:33:41.942555,35840,0,0,0,0,0,0,0,0
16:33:41.943817,35849,1,1,1,1,1,4,0,0
16:33:41.943817,35859,0,0,0,0,0,0,0,0
16:33:41.950425,35869,0,0,0,0,0,0,0,0
16:33:41.952853,35879,0,0,0,0,0,0,0,0
16:33:41.953929,35889,0,0,0,0,0,0,0,0
16:33:42.009634,35899,0,0,0,0,0,0,0,0
16:33:42.011836,35909,0,0,0,0,0,0,0,0
16:33:42.016122,35919,1,1,1,1,1,5,0,0
16:33:42.019215,35929,0,0,0,0,0,0,0,0
16:33:42.022132,35939,0,0,0,0,0,0,0,0
16:33:42.024426,35949,0,0,0,0,0,0,0,0
16:33:42.029148,35959,0,0,0,0,0,0,0,0
16:33:42.078810,35969,0,3,3,0,0,0,0,0
16:33:42.078810,35979,0,0,0,0,0,0,0,0
16:33:42.078810,35989,1,1,1,1,1,3,0,0
16:33:42.078810,35999,0,4,3,0,0,0,0,0
16:33:42.089571,36009,0,4,0,0,0,0,0,0
16:33:42.092750,36019,0,5,0,0,0,0,0,0
16:33:42.094634,36029,0,5,1,0,0,0,0,0
16:33:42.099136,36039,0,5,1,0,0,0,0,0
16:33:42.159633,36049,0,0,0,0,0,0,0,0
16:33:42.161367,36059,1,1,1,1,1,1,0,0
16:33:42.165805,36069,0,0,0,0,0,0,0,3
16:33:42.165805,36079,0,0,0,0,0,0,0,0
16:33:42.170157,36089,0,0,0,0,0,0,0,0
16:33:42.173623,36099,0,0,0,0,0,0,0,0
16:33:42.175748,36109,0,0,0,0,0,0,0,0
16:33:42.242672,36119,0,0,0,0,0,0,0,5
16:33:42.244604,36129,1,1,1,1,1,1,0,0
16:33:42.244604,36140,1,1,1,1,1,1,0,0
16:33:42.244604,36149,0,0,0,0,0,0,0,0
16:33:42.255209,36159,0,0,0,0,0,0,0,0
16:33:42.257507,36169,0,0,0,0,0,0,0,0
16:33:42.260639,36179,0,0,0,0,0,0,0,0
16:33:42.263902,36189,0,0,0,0,0,0,0,0
16:33:42.310911,36199,0,0,0,0,0,0,0,0
16:33:42.313111,36209,0,0,0,0,0,0,0,0
16:33:42.313111,36219,0,0,0,0,0,0,0,0
16:33:42.313111,36229,0,0,0,0,0,0,0,0
16:33:42.313111,36239,0,0,0,0,0,0,0,0
16:33:42.321979,36249,0,0,0,0,0,0,0,0
16:33:42.324197,36259,0,0,0,0,0,0,0,0
16:33:42.394001,36269,0,0,0,0,0,0,0,0
16:33:42.394001,36279,0,0,0,0,0,0,0,0
16:33:42.394001,36289,0,0,0,0,0,0,0,0
16:33:42.403031,36299,0,0,0,0,0,0,0,0
16:33:42.403031,36310,0,0,0,0,0,0,0,1
16:33:42.406674,36319,0,0,0,0,0,0,0,0
16:33:42.410879,36329,0,0,0,0,0,0,0,0
16:33:42.410879,36339,0,0,0,0,0,0,0,0
16:33:42.449947,36349,0,0,0,0,0,0,0,0
16:33:42.449947,36359,0,0,0,0,0,0,0,0
16:33:42.449947,36369,0,0,2,0,0,0,0,0
16:33:42.449947,36379,0,0,3,4,0,0,0,0
16:33:42.459157,36389,0,0,0,0,0,0,0,0
16:33:42.462729,36399,0,0,0,0,0,0,0,0
16:33:42.465071,36409,0,0,0,0,0,0,0,0
16:33:42.512335,36419,1,0,0,0,0,0,0,0
16:33:42.520671,36429,0,0,0,0,0,1,0,0
16:33:42.525805,36439,0,0,0,0,0,0,0,0
16:33:42.529584,36449,0,0,0,0,0,0,0,0
16:33:42.531614,36459,0,0,0,0,0,0,0,0
16:33:42.533921,36469,0,0,0,0,0,0,0,0
16:33:42.533921,36480,0,0,0,0,0,0,0,0
16:33:42.611327,36489,0,0,0,0,0,0,0,0
16:33:42.616124,36499,1,1,1,1,1,1,1,0
16:33:42.620299,36509,0,0,0,0,0,0,0,0
16:33:42.624376,36519,6,0,5,0,0,0,0,0
16:33:42.626793,36529,0,0,0,0,0,0,0,0
16:33:42.626793,36539,0,0,0,0,0,0,0,0
16:33:42.633291,36549,0,0,0,0,0,0,0,0
16:33:42.635592,36559,0,0,0,0,0,0,0,0
16:33:42.678009,36569,6,0,0,0,0,0,0,0
16:33:42.678009,36579,0,0,0,0,0,0,0,0
16:33:42.678009,36589,0,0,0,0,0,0,0,0
16:33:42.678009,36599,0,0,0,0,0,0,0,0
16:33:42.691473,36609,0,0,0,0,2,0,0,0
16:33:42.694466,36619,0,0,0,0,6,0,0,0
16:33:42.695582,36629,3,0,0,1,12,0,0,0
16:33:42.762236,36639,1,0,0,1,16,0,0,0
16:33:42.766249,36649,1,0,0,1,16,0,0,0
16:33:42.766249,36659,0,0,0,0,16,0,0,0
16:33:42.773226,36669,0,0,0,0,15,0,0,0
16:33:42.779342,36679,0,0,0,0,14,0,0,0
16:33:42.779342,36689,0,0,0,0,13,0,0,0
16:33:42.784814,36699,0,0,0,0,13,0,0,0
16:33:42.817395,36709,0,0,0,0,15,0,0,0
16:33:42.817395,36719,0,0,0,0,19,0,0,0
16:33:42.825850,36729,0,0,0,0,23,0,0,0
16:33:42.827548,36739,0,0,0,0,21,0,0,0
16:33:42.831977,36749,0,0,0,0,16,0,0,0
16:33:42.834634,36759,0,0,0,0,11,0,0,0
16:33:42.835634,36769,0,0,0,0,8,0,0,0
16:33:42.837014,36780,1,0,0,2,10,0,0,0
16:33:42.878455,36789,0,0,0,0,6,0,0,0
16:33:42.894591,36799,1,1,1,1,22,1,1,6
16:33:42.894591,36809,0,0,0,0,25,0,0,0
16:33:42.902832,36819,0,0,0,0,39,0,0,0
16:33:42.904881,36829,0,0,0,0,59,0,0,0
16:33:42.906280,36839,0,0,0,0,79,0,0,0
16:33:42.911206,36849,0,0,0,0,101,0,0,0
16:33:42.961440,36859,0,0,0,0,121,0,0,0
16:33:42.961440,36869,1,1,1,1,141,1,1,1
16:33:42.961440,36879,0,0,0,0,155,0,0,0
16:33:42.961440,36889,0,0,0,0,171,0,0,0
16:33:42.973789,36899,0,0,0,0,189,0,0,0
16:33:42.976303,36909,0,0,0,0,207,0,0,0
16:33:42.977338,36919,0,0,0,0,224,0,0,0
16:33:43.027918,36929,0,0,0,0,241,0,0,0
16:33:43.027918,36939,1,1,1,1,258,1,1,1
16:33:43.027918,36950,1,6,0,5,273,0,0,0
16:33:43.027918,36959,1,6,0,5,284,0,0,0
16:33:43.039183,36969,1,6,0,3,293,0,0,0
16:33:43.041623,36979,1,6,0,1,301,0,0,0
16:33:43.044414,36989,0,0,0,0,308,0,0,0
16:33:43.095238,36999,0,0,0,0,314,0,0,0
16:33:43.105736,37009,1,1,1,1,319,1,1,1
16:33:43.110221,37019,0,0,0,0,319,0,0,0
16:33:43.111288,37029,0,0,0,0,316,0,0,0
16:33:43.116519,37039,0,0,0,0,308,0,0,0
16:33:43.117583,37049,0,0,0,0,299,0,0,0
16:33:43.119849,37059,0,0,0,0,290,0,0,0
16:33:43.161667,37069,0,0,0,0,282,0,0,0
16:33:43.161667,37079,1,1,1,1,275,1,1,1
16:33:43.161667,37089,0,0,0,0,262,0,0,0
16:33:43.176896,37099,0,0,0,0,248,0,0,0
16:33:43.180283,37109,0,0,0,0,233,0,0,0
16:33:43.182842,37120,0,0,0,0,219,0,0,0
16:33:43.183920,37129,0,0,0,0,213,0,0,0
16:33:43.252688,37139,0,0,0,0,215,0,0,0
16:33:43.257184,37149,1,1,1,1,226,1,1,1
16:33:43.260661,37159,0,0,0,0,238,0,0,0
16:33:43.262771,37169,2,1,0,0,253,4,0,0
16:33:43.265449,37179,1,1,0,0,263,4,0,0
16:33:43.267966,37189,2,1,0,0,269,0,0,0
16:33:43.270626,37199,1,1,2,0,273,0,0,0
16:33:43.310663,37209,1,1,2,0,275,4,0,0
16:33:43.312095,37219,1,1,1,1,272,1,1,1
16:33:43.312095,37229,1,1,1,1,266,1,1,1
16:33:43.312095,37239,0,0,0,0,256,0,0,0
16:33:43.323434,37249,0,0,0,0,249,0,0,0
16:33:43.325605,37259,1,1,4,0,251,1,0,0
16:33:43.327689,37269,0,0,0,0,246,0,0,0
16:33:43.378238,37279,0,0,0,0,245,0,0,0
16:33:43.382644,37289,1,1,1,1,247,1,1,1
16:33:43.382644,37299,0,0,0,0,246,0,0,0
16:33:43.382644,37309,0,0,0,0,249,0,0,0
16:33:43.382644,37319,0,0,0,0,251,0,0,0
16:33:43.393246,37329,0,0,0,0,256,0,0,0
16:33:43.396783,37339,0,0,0,0,261,0,0,0
16:33:43.458874,37349,0,0,0,0,266,0,0,0
16:33:43.460739,37359,1,1,1,1,271,1,1,1
16:33:43.460739,37369,0,0,0,0,273,0,0,0
16:33:43.460739,37379,0,0,0,0,277,0,0,0
16:33:43.460739,37389,0,0,0,0,279,0,0,0
16:33:43.470231,37399,0,0,0,0,280,0,0,0
16:33:43.472541,37409,0,0,0,0,278,0,0,0
16:33:43.525762,37420,0,0,0,0,273,0,0,0
16:33:43.527189,37429,1,1,1,1,268,1,1,1
16:33:43.527189,37439,2,1,1,1,260,1,1,1
16:33:43.527189,37449,1,1,3,0,251,0,0,0
16:33:43.527189,37459,0,0,0,0,244,0,0,0
16:33:43.537984,37469,0,0,0,0,237,0,0,0
16:33:43.578842,37479,0,0,0,0,229,0,0,0
16:33:43.578842,37489,0,0,0,0,221,0,0,0
16:33:43.593497,37499,1,1,1,1,217,1,1,1
16:33:43.593497,37509,0,0,0,0,210,0,0,0
16:33:43.598076,37519,0,0,0,0,207,0,0,0
16:33:43.599142,37529,0,0,0,0,205,0,0,0
16:33:43.601659,37539,0,0,0,0,204,0,0,0
16:33:43.659276,37549,0,0,0,0,202,0,0,0
16:33:43.661255,37559,0,0,0,0,200,0,0,0
16:33:43.661255,37569,1,1,1,1,199,1,1,1
16:33:43.661255,37579,0,0,0,0,194,0,0,0
16:33:43.671213,37590,0,0,0,0,190,0,0,0
16:33:43.673383,37599,0,0,0,0,188,0,0,0
16:33:43.675974,37609,0,0,0,0,190,0,0,0
16:33:43.730916,37619,0,0,0,0,192,0,0,0
16:33:43.731789,37629,0,0,0,0,197,0,0,0
16:33:43.731789,37639,1,1,1,1,205,1,1,1
16:33:43.731789,37649,0,0,0,0,211,0,0,0
16:33:43.741588,37659,0,0,0,0,219,0,0,0
16:33:43.744937,37669,0,0,0,0,226,0,0,0
16:33:43.746088,37679,0,0,0,0,235,0,0,0
16:33:43.811389,37689,0,0,0,0,245,1,0,0
16:33:43.811389,37699,1,0,0,0,255,0,0,1
16:33:43.811389,37709,0,0,0,0,266,0,0,0
16:33:43.811389,37719,2,1,1,4,277,6,0,0
16:33:43.830413,37729,2,1,1,4,290,6,0,0
16:33:43.831496,37739,2,1,1,5,301,5,1,0
16:33:43.835983,37749,0,0,0,0,312,0,0,0
16:33:43.867387,37760,0,0,0,0,319,0,0,0
16:33:43.867387,37769,0,0,0,0,325,0,0,0
16:33:43.867387,37779,0,0,0,0,330,5,3,0
16:33:43.867387,37789,0,0,0,0,335,5,4,0
16:33:43.879014,37799,0,0,0,0,339,0,0,0
16:33:43.881672,37809,0,0,0,0,341,0,0,0
16:33:43.884145,37819,0,0,0,0,342,0,0,0
16:33:43.936772,37829,0,0,0,0,342,0,0,0
16:33:43.944692,37839,0,0,0,0,341,0,0,0
16:33:43.944692,37849,0,0,0,0,340,0,0,0
16:33:43.944692,37859,0,0,0,0,337,0,0,0
16:33:43.952741,37869,0,0,0,0,334,0,0,0
16:33:43.955058,37879,0,0,0,0,328,0,0,0
16:33:43.956198,37889,0,0,0,0,320,0,0,0
16:33:44.000062,37899,0,0,0,0,308,0,0,0
16:33:44.011464,37909,0,0,0,0,293,0,0,0
16:33:44.011464,37919,7,1,1,1,280,1,1,1
16:33:44.011464,37929,0,0,0,0,264,0,0,0
16:33:44.021083,37939,0,0,0,0,249,0,0,0
16:33:44.023751,37949,0,0,0,0,233,0,0,0
16:33:44.025736,37959,3,1,1,1,212,0,1,4
16:33:44.078560,37969,0,0,0,0,200,0,0,0
16:33:44.078560,37979,0,0,0,0,185,0,0,0
16:33:44.078560,37989,0,0,0,0,173,0,2,3
16:33:44.078560,37999,0,0,0,0,164,0,0,0
16:33:44.089566,38009,0,0,0,0,156,0,0,0
16:33:44.091956,38019,3,1,1,1,148,0,2,0
16:33:44.095665,38029,2,1,1,1,144,0,2,0
16:33:44.148627,38039,0,0,0,0,138,0,0,0
16:33:44.150189,38049,0,0,0,0,137,0,0,0
16:33:44.150189,38060,2,1,1,1,139,1,1,1
16:33:44.158394,38069,0,0,0,0,137,0,0,0
16:33:44.161676,38079,0,0,0,0,137,0,0,0
16:33:44.164704,38089,0,0,0,0,137,0,0,0
16:33:44.166871,38099,0,0,0,0,136,0,0,0
16:33:44.211511,38109,0,1,1,1,140,0,5,1
16:33:44.211511,38119,0,0,0,0,136,0,0,0
16:33:44.211511,38129,0,0,0,0,140,0,5,0
16:33:44.226760,38139,0,0,0,0,145,0,0,0
16:33:44.229807,38149,0,0,0,0,151,0,0,0
16:33:44.233279,38159,0,0,0,0,157,0,0,0
16:33:44.235755,38169,0,0,0,0,161,0,0,0
16:33:44.278251,38179,0,0,0,0,163,0,0,0
16:33:44.293368,38189,0,0,0,0,164,0,0,0
16:33:44.296952,38199,0,0,0,0,163,0,5,0
16:33:44.299895,38209,0,0,0,0,162,0,0,0
16:33:44.302907,38219,0,0,0,0,162,0,0,0
16:33:44.306381,38230,0,0,0,0,159,0,0,0
16:33:44.309251,38239,0,0,0,0,153,0,0,0
16:33:44.359204,38249,0,0,0,0,145,0,0,0
16:33:44.361065,38259,0,0,0,0,134,0,0,0
16:33:44.361065,38269,0,5,1,1,121,1,1,1
16:33:44.361065,38279,0,0,0,0,104,0,0,0
16:33:44.369806,38289,0,6,1,1,91,0,0,1
16:33:44.372263,38299,0,6,1,1,79,0,0,1
16:33:44.376014,38309,0,8,1,1,67,0,0,1
16:33:44.427813,38319,0,0,0,0,55,0,0,0
16:33:44.427813,38329,0,0,0,0,47,0,0,0
16:33:44.427813,38339,2,0,0,0,42,0,0,1
16:33:44.427813,38349,0,0,0,0,39,0,0,0
16:33:44.427813,38359,0,0,0,0,37,0,0,0
16:33:44.440187,38369,0,0,0,0,37,0,0,0
16:33:44.442774,38379,0,0,0,0,39,0,0,0
16:33:44.499832,38389,0,0,0,0,45,0,0,0
16:33:44.499832,38400,0,0,0,0,51,0,0,0
16:33:44.499832,38409,4,0,0,0,57,0,0,2
16:33:44.510033,38419,0,2,1,1,67,0,0,2
16:33:44.514140,38429,0,3,1,1,75,0,0,2
16:33:44.516943,38439,0,0,0,0,82,0,0,0
16:33:44.518482,38449,0,0,0,0,90,0,0,0
16:33:44.522227,38459,0,0,0,0,96,0,0,0
16:33:44.562115,38469,0,0,1,1,103,2,0,3
16:33:44.562115,38479,0,0,1,1,106,1,1,1
16:33:44.575766,38489,0,0,0,0,108,0,0,0
16:33:44.578359,38499,0,0,0,0,107,0,0,0
16:33:44.581671,38509,0,0,0,0,103,0,0,0
16:33:44.584816,38519,0,0,0,0,99,0,0,0
16:33:44.586576,38529,0,0,0,0,93,0,0,0
16:33:44.643893,38539,0,0,0,0,88,0,0,0
16:33:44.644624,38549,3,0,0,0,83,0,0,6
16:33:44.644624,38559,0,0,0,0,80,0,0,0
16:33:44.644624,38569,0,0,0,0,77,0,0,0
16:33:44.655238,38579,0,0,0,0,76,0,0,0
16:33:44.658534,38589,0,0,0,0,75,0,0,0
16:33:44.662806,38599,0,0,0,0,76,0,0,0
16:33:44.701421,38609,0,0,0,0,78,0,0,0
16:33:44.711438,38619,1,0,0,0,80,0,0,5
16:33:44.714089,38629,0,0,3,1,85,6,0,3
16:33:44.714089,38639,0,0,0,0,87,0,0,0
16:33:44.720502,38649,0,0,0,0,92,0,0,0
16:33:44.722909,38659,0,0,0,0,97,0,0,0
16:33:44.726649,38669,0,0,0,0,103,0,0,0
16:33:44.777874,38679,0,0,5,1,111,3,0,0
16:33:44.778299,38689,1,0,0,0,114,0,0,0
16:33:44.778299,38700,0,0,0,0,116,0,0,0
16:33:44.778299,38709,0,0,0,0,118,0,0,0
16:33:44.787857,38719,0,0,0,0,120,0,0,0
16:33:44.790261,38729,0,0,0,0,121,0,0,0
16:33:44.793420,38739,0,0,0,0,118,0,0,0
16:33:44.844698,38749,0,0,0,0,108,0,0,0
16:33:44.844698,38759,1,2,0,0,97,0,0,0
16:33:44.844698,38769,0,0,0,0,86,0,0,0
16:33:44.855571,38779,0,0,0,0,77,0,0,0
16:33:44.859612,38789,0,0,0,0,68,0,0,0
16:33:44.862516,38799,0,0,0,0,61,0,0,0
16:33:44.865607,38809,0,0,0,0,53,0,0,0
16:33:44.927726,38819,0,0,0,0,45,0,0,0
16:33:44.927726,38829,1,4,0,0,37,0,0,0
16:33:44.945164,38839,0,0,3,1,30,1,0,0
16:33:44.947369,38849,0,0,3,1,23,1,0,0
16:33:44.950185,38859,0,0,2,1,18,1,0,0
16:33:44.951806,38870,0,0,2,1,14,1,1,0
16:33:44.953179,38879,0,0,0,1,11,1,2,0
16:33:45.011749,38889,0,0,0,0,6,0,0,0
16:33:45.011749,38899,0,0,0,0,5,0,0,0
16:33:45.015793,38909,0,0,0,1,5,1,2,0
16:33:45.015793,38919,0,0,0,2,4,1,1,1
16:33:45.019927,38929,0,0,0,0,2,0,0,0
16:33:45.023273,38939,0,0,0,0,1,0,0,0
16:33:45.025689,38949,0,0,0,0,1,0,0,0
16:33:45.029565,38959,0,0,0,0,0,0,0,0
16:33:45.077211,38969,0,0,0,0,2,0,0,0
16:33:45.078574,38979,0,0,0,0,6,0,0,0
16:33:45.078574,38989,0,1,0,0,16,0,0,0
16:33:45.078574,38999,0,0,0,0,27,0,0,0
16:33:45.088608,39009,0,0,0,0,39,0,0,0
16:33:45.091201,39019,0,0,0,0,48,0,0,0
16:33:45.095098,39029,0,0,0,0,54,0,0,0
16:33:45.145236,39040,0,0,0,0,57,0,0,0
16:33:45.145236,39049,0,0,0,0,59,0,0,0
16:33:45.145236,39059,1,1,0,0,62,0,0,0
16:33:45.145236,39069,0,0,0,0,66,0,0,0
16:33:45.161467,39079,0,0,0,0,72,0,0,0
16:33:45.163587,39089,0,0,0,0,79,0,0,0
16:33:45.163587,39099,0,0,0,0,87,0,0,0
16:33:45.231657,39109,0,0,0,0,98,0,0,0
16:33:45.234465,39119,0,0,0,0,110,0,0,0
16:33:45.234465,39129,1,1,0,0,122,0,0,0
16:33:45.234465,39139,2,0,0,7,135,1,1,0
16:33:45.244355,39149,0,0,0,8,147,1,1,0
16:33:45.247046,39159,0,0,0,8,156,1,2,0
16:33:45.247046,39169,0,0,0,7,164,1,1,0
16:33:45.283981,39179,0,0,0,5,170,1,1,0
16:33:45.283981,39189,0,0,0,0,174,0,0,0
16:33:45.294212,39199,1,1,2,0,178,0,0,0
16:33:45.294212,39209,1,1,2,0,181,0,0,0
16:33:45.300811,39219,0,0,0,0,182,0,0,0
16:33:45.302937,39229,0,0,0,0,184,0,0,0
16:33:45.304243,39239,0,0,0,0,184,0,0,0
16:33:45.344870,39249,0,0,0,0,185,0,0,0
16:33:45.361117,39259,0,0,0,0,185,0,0,0
16:33:45.363916,39269,1,1,4,0,186,0,0,0
16:33:45.363916,39279,0,0,0,0,186,0,0,0
16:33:45.370014,39289,0,0,0,0,186,0,0,0
16:33:45.372097,39299,0,0,0,0,185,0,0,0
16:33:45.374230,39309,0,0,0,0,185,0,0,0
16:33:45.428144,39319,0,0,0,0,184,0,0,0
16:33:45.429274,39329,0,0,0,0,183,0,0,0
16:33:45.429274,39340,1,1,5,0,183,0,0,0
16:33:45.429274,39349,0,0,0,0,182,0,0,0
16:33:45.439406,39359,0,0,0,0,182,0,0,0
16:33:45.442020,39369,0,0,0,0,181,0,0,0
16:33:45.445171,39379,0,0,0,0,180,0,0,0
16:33:45.495536,39389,0,0,0,0,179,0,0,0
16:33:45.495536,39399,0,0,0,0,177,0,0,0
16:33:45.495536,39409,1,1,3,0,175,0,0,0
16:33:45.511345,39419,0,0,0,0,174,0,0,0
16:33:45.514048,39429,0,0,0,0,172,0,0,0
16:33:45.516404,39439,0,0,0,0,171,0,0,0
16:33:45.519429,39449,0,0,0,0,171,0,0,0
16:33:45.578348,39459,0,0,0,0,171,0,0,0
16:33:45.578348,39469,0,0,0,0,172,0,0,0
16:33:45.593657,39479,0,0,0,0,173,0,0,0
16:33:45.597269,39489,0,0,0,0,174,0,0,0
16:33:45.600664,39499,0,0,0,0,175,0,0,0
16:33:45.604242,39510,0,0,0,0,177,0,0,0
16:33:45.604242,39519,0,0,0,0,179,0,0,0
16:33:45.642801,39529,0,0,0,0,180,0,0,0
16:33:45.647087,39539,0,0,0,0,179,0,0,0
16:33:45.647087,39549,0,0,0,0,179,0,0,0
16:33:45.647087,39559,1,1,1,1,178,0,0,0
16:33:45.654860,39569,0,0,0,0,177,0,0,0
16:33:45.657271,39579,0,0,0,0,177,0,0,0
16:33:45.660010,39589,0,0,0,0,178,0,0,0
16:33:45.710603,39599,0,0,0,0,180,0,0,0
16:33:45.711611,39609,0,0,0,0,182,0,0,0
16:33:45.711611,39619,1,0,0,0,185,0,0,0
16:33:45.711611,39629,0,0,0,0,188,0,0,0
16:33:45.720864,39639,0,0,0,0,190,0,0,0
16:33:45.722963,39649,0,0,0,0,193,0,0,0
16:33:45.725755,39659,0,0,0,0,195,0,0,0
16:33:45.778335,39669,0,0,0,0,199,1,1,1
16:33:45.778335,39680,0,0,0,0,198,0,0,0
16:33:45.778335,39689,0,0,0,0,200,0,0,0
16:33:45.778335,39699,0,0,0,0,203,1,1,1
16:33:45.790191,39709,0,0,0,0,203,1,1,1
16:33:45.794316,39719,0,0,0,0,203,1,1,1
16:33:45.794316,39729,0,0,0,0,203,1,1,1
16:33:45.844683,39739,0,0,0,0,205,0,0,0
16:33:45.844683,39749,0,0,0,0,206,0,0,0
16:33:45.844683,39759,0,0,0,0,206,0,0,0
16:33:45.844683,39769,0,0,0,0,207,0,0,0
16:33:45.863858,39779,0,0,0,0,208,0,0,0
16:33:45.866378,39789,0,0,0,0,208,0,0,0
16:33:45.866378,39799,0,0,0,0,209,0,0,0
16:33:45.916007,39809,0,0,0,0,209,0,0,0
16:33:45.925813,39819,0,0,0,0,209,0,0,0
16:33:45.927938,39829,0,0,0,0,209,0,0,0
16:33:45.932641,39839,0,0,0,0,210,0,0,0
16:33:45.934863,39849,0,0,0,0,211,0,0,0
16:33:45.937376,39859,1,0,0,0,211,0,0,0
16:33:45.940265,39869,0,0,0,0,212,0,0,0
16:33:45.983931,39879,0,0,0,0,212,0,0,0
16:33:45.995178,39889,0,0,0,0,212,0,0,0
16:33:45.995178,39899,0,0,0,0,212,0,0,0
16:33:45.995178,39909,0,0,0,0,210,4,1,1
16:33:46.005486,39919,0,0,0,0,213,0,0,0
16:33:46.008983,39929,0,0,0,0,213,0,0,0
16:33:46.012863,39939,0,0,0,0,214,0,0,0
16:33:46.059535,39949,0,0,0,0,215,0,0,0
16:33:46.062958,39959,0,0,0,0,214,6,1,1
16:33:46.069405,39969,0,0,0,0,216,0,0,0
16:33:46.071576,39980,0,0,0,0,216,0,0,0
16:33:46.073684,39989,0,0,0,0,216,9,1,1
16:33:46.076380,39999,0,0,0,0,216,7,1,1
16:33:46.080291,40009,0,0,0,0,215,5,1,1
16:33:46.128011,40019,0,0,0,0,215,0,0,0
16:33:46.128011,40029,0,0,0,0,215,0,0,0
16:33:46.140154,40039,0,0,0,0,214,3,1,1
16:33:46.145309,40049,0,0,0,0,214,0,0,0
16:33:46.145309,40059,0,0,0,0,214,0,0,0
16:33:46.154256,40069,0,0,0,0,214,0,0,0
16:33:46.155254,40079,0,0,0,0,214,0,0,0
16:33:46.200102,40089,0,0,0,0,214,0,0,0
16:33:46.201365,40099,0,0,0,0,214,0,0,0
16:33:46.210168,40109,0,0,0,0,215,0,0,0
16:33:46.216196,40119,0,0,0,0,215,0,0,0
16:33:46.217252,40129,0,0,0,0,215,0,0,0
16:33:46.222487,40139,0,0,0,0,216,0,0,0
16:33:46.224553,40150,0,0,0,0,216,0,0,0
16:33:46.294205,40159,0,0,0,0,216,0,0,0
16:33:46.300433,40169,0,0,0,0,216,0,0,0
16:33:46.303501,40179,0,0,0,0,215,0,0,0
16:33:46.306654,40189,0,0,0,0,214,0,0,0
16:33:46.310316,40199,0,0,0,0,214,0,0,0
16:33:46.312621,40209,0,0,0,0,214,0,0,0
16:33:46.317361,40219,4,3,0,0,214,0,0,0
16:33:46.334359,40229,0,0,0,0,214,0,0,0
16:33:46.344879,40239,0,0,0,0,213,0,0,0
16:33:46.347962,40249,1,0,0,1,214,0,0,0
16:33:46.350088,40259,1,0,0,0,214,0,0,1
16:33:46.350088,40269,1,0,0,1,214,1,0,1
16:33:46.350088,40279,0,0,0,0,213,0,0,0
16:33:46.357839,40289,0,0,0,0,213,0,0,0
16:33:46.411577,40299,6,0,0,0,213,0,0,0
16:33:46.411577,40309,5,0,0,0,214,0,0,0
16:33:46.411577,40320,5,0,0,0,214,0,0,0
16:33:46.411577,40329,0,0,0,0,214,0,0,0
16:33:46.411577,40339,0,0,0,0,214,0,0,0
16:33:46.425009,40349,6,0,0,0,214,0,0,0
16:33:46.429539,40359,0,0,0,0,214,0,0,0
16:33:46.494701,40369,0,0,0,0,214,0,0,0
16:33:46.494701,40379,0,0,0,0,213,0,0,0
16:33:46.494701,40389,0,0,0,0,213,0,0,0
16:33:46.494701,40399,0,0,0,0,213,0,0,0
16:33:46.507314,40409,0,0,0,0,213,0,0,0
16:33:46.509310,40419,0,0,0,0,213,0,0,0
16:33:46.510592,40429,0,0,0,0,213,0,0,0
16:33:46.549002,40439,0,0,0,0,213,0,0,0
16:33:46.550070,40449,0,0,0,0,213,0,0,0
16:33:46.550070,40459,0,0,0,0,212,0,3,1
16:33:46.550070,40469,0,1,0,0,212,0,3,1
16:33:46.550070,40479,0,0,0,0,212,0,0,0
16:33:46.559981,40489,0,0,0,0,213,0,0,0
16:33:46.563399,40499,0,0,0,0,213,0,0,0
16:33:46.611699,40509,0,0,0,0,214,0,3,1
16:33:46.619541,40519,0,0,0,0,214,0,0,0
16:33:46.619541,40529,0,0,0,0,214,0,1,1
16:33:46.627731,40539,0,0,0,0,214,0,0,0
16:33:46.630868,40549,0,0,0,0,214,0,0,0
16:33:46.633208,40559,0,0,0,0,214,0,0,0
16:33:46.635916,40569,0,0,0,0,214,0,0,1
16:33:46.678173,40579,0,0,0,0,214,0,0,1
16:33:46.692437,40589,0,0,0,0,213,0,0,1
16:33:46.694274,40599,1,1,1,1,214,6,0,0
16:33:46.699009,40609,0,0,0,0,213,0,0,0
16:33:46.701154,40620,0,0,0,0,213,0,0,0
16:33:46.702418,40629,0,0,0,0,214,0,0,0
16:33:46.706602,40639,0,0,0,0,214,0,0,0
16:33:46.826721,40649,0,0,0,0,214,0,0,0
16:33:46.832313,40659,0,0,0,0,214,0,0,0
16:33:46.834974,40669,1,1,1,1,215,1,0,0
16:33:46.838269,40679,0,0,0,0,214,0,0,0
16:33:46.840612,40689,0,0,0,0,215,0,0,0
16:33:46.843173,40699,0,0,0,0,215,0,0,0
16:33:46.844466,40709,0,0,0,0,215,0,0,0
16:33:46.849170,40719,0,0,0,0,216,0,0,0
16:33:46.851725,40729,0,0,0,0,216,0,0,0
16:33:46.852750,40739,1,1,1,1,217,1,0,0
16:33:46.857372,40749,0,6,0,0,215,0,0,0
16:33:46.860555,40759,0,0,0,0,215,0,0,0
16:33:46.861509,40769,0,0,0,0,215,0,0,0
16:33:46.897787,40779,0,0,0,0,215,0,0,0
16:33:46.899383,40790,0,0,0,0,216,0,0,0
16:33:46.901388,40799,0,0,0,0,216,0,0,0
16:33:46.901388,40809,1,1,1,1,217,1,0,0
16:33:46.907080,40819,0,0,0,0,217,0,0,0
16:33:46.909496,40829,0,0,0,0,216,0,0,0
16:33:46.911628,40839,0,0,0,1,216,0,0,0
16:33:46.960805,40849,0,0,3,0,218,0,0,0
16:33:46.960805,40859,0,0,3,0,218,0,0,0
16:33:46.977324,40869,0,0,0,0,218,0,0,0
16:33:46.981670,40879,1,1,1,1,220,1,2,0
16:33:46.983649,40889,0,0,0,0,217,0,0,0
16:33:46.984973,40899,0,0,0,0,216,0,0,0
16:33:46.989435,40909,0,0,0,0,216,0,0,0
16:33:47.027702,40919,0,0,0,0,215,0,0,0
16:33:47.042429,40929,0,0,0,0,215,0,0,0
16:33:47.045582,40939,0,0,0,0,214,0,0,0
16:33:47.047577,40949,1,1,1,1,216,1,4,0
16:33:47.050602,40960,0,0,0,0,214,0,0,0
16:33:47.053836,40969,0,0,0,0,214,0,0,0
16:33:47.053836,40979,0,0,0,0,212,0,0,0
16:33:47.111192,40989,0,0,0,0,211,0,0,0
16:33:47.125704,40999,0,0,0,0,210,0,0,0
16:33:47.128874,41009,0,0,0,0,209,0,0,0
16:33:47.132169,41019,1,1,1,1,211,1,6,0
16:33:47.135200,41029,0,0,0,0,208,0,0,0
16:33:47.137461,41039,0,0,0,0,206,0,0,0
16:33:47.137461,41049,0,0,0,0,205,0,0,0
16:33:47.177269,41059,0,0,0,0,204,0,0,0
16:33:47.178004,41069,0,0,0,0,204,0,0,0
16:33:47.178004,41079,0,0,0,0,203,0,0,0
16:33:47.178004,41089,1,1,1,1,203,1,1,0
16:33:47.178004,41099,1,1,1,1,200,1,1,0
16:33:47.190442,41109,0,0,0,0,196,0,0,0
16:33:47.193570,41119,0,0,0,0,193,0,0,0
16:33:47.244002,41129,0,0,0,0,190,0,0,0
16:33:47.244002,41139,6,0,6,0,188,0,0,0
16:33:47.244002,41149,0,0,0,0,185,0,0,0
16:33:47.244002,41159,1,1,1,1,183,1,1,0
16:33:47.257877,41169,6,0,5,0,175,0,0,0
16:33:47.260926,41179,0,0,0,0,177,0,0,0
16:33:47.262011,41189,0,0,0,0,176,0,0,0
16:33:47.311909,41199,0,0,0,0,174,0,0,0
16:33:47.311909,41209,0,0,0,0,173,0,0,0
16:33:47.311909,41219,6,0,0,4,171,0,0,0
16:33:47.329004,41229,1,1,1,1,174,1,1,0
16:33:47.331391,41239,0,0,0,0,172,0,0,0
16:33:47.333631,41249,0,0,0,0,171,0,0,0
16:33:47.336588,41260,0,0,0,0,171,0,0,0
16:33:47.381942,41269,0,0,0,0,171,0,0,0
16:33:47.389909,41279,0,0,0,0,171,0,0,0
16:33:47.394334,41289,0,0,0,0,170,0,0,0
16:33:47.394334,41299,1,1,1,1,171,1,1,4
16:33:47.400625,41309,0,0,0,0,170,0,0,0
16:33:47.402890,41319,0,0,0,0,170,0,0,0
16:33:47.403902,41329,0,0,0,0,170,0,0,0
16:33:47.475779,41339,0,0,0,0,170,0,0,0
16:33:47.479556,41349,0,0,0,0,170,0,0,0
16:33:47.482230,41359,0,0,0,0,169,0,0,0
16:33:47.484523,41369,1,1,1,1,169,1,1,4
16:33:47.487466,41379,1,0,0,1,168,0,0,0
16:33:47.490200,41389,1,0,0,1,168,0,0,0
16:33:47.493793,41399,1,0,0,2,168,0,0,0
16:33:47.527940,41409,0,0,0,0,164,0,0,0
16:33:47.530816,41419,0,0,0,0,163,0,0,0
16:33:47.532966,41430,0,0,0,0,162,0,0,0
16:33:47.534085,41439,1,1,1,1,161,1,1,6
16:33:47.538430,41449,1,1,1,1,157,1,1,6
16:33:47.540513,41459,0,0,0,0,145,0,0,0
16:33:47.542349,41469,0,0,0,0,127,0,0,0
16:33:47.594583,41479,0,0,0,0,106,0,0,0
16:33:47.594583,41489,0,0,0,0,82,0,0,0
16:33:47.594583,41499,0,0,0,0,62,0,0,0
16:33:47.594583,41509,1,1,1,1,48,1,1,1
16:33:47.594583,41519,0,0,0,0,35,0,0,0
16:33:47.610249,41529,0,0,0,0,27,0,1,0
16:33:47.614731,41539,1,0,0,0,21,0,0,0
16:33:47.660825,41549,1,0,0,0,16,0,0,0
16:33:47.660825,41559,0,0,0,0,11,0,0,0
16:33:47.660825,41569,0,0,0,0,9,0,0,0
16:33:47.660825,41579,1,1,1,1,8,1,1,1
16:33:47.676708,41589,0,0,0,0,5,0,0,0
16:33:47.679829,41600,0,0,0,0,4,0,0,0
16:33:47.682574,41609,0,0,0,0,3,0,0,0
16:33:47.684306,41619,0,0,0,0,2,0,0,0
16:33:47.729095,41629,0,0,0,0,1,0,0,0
16:33:47.729095,41639,0,0,0,0,1,0,0,0
16:33:47.744234,41649,1,1,1,1,2,1,1,1
16:33:47.744234,41659,0,0,0,0,0,0,0,0
16:33:47.750772,41669,0,0,0,0,0,0,0,0
16:33:47.751819,41679,0,0,0,0,0,0,0,0
16:33:47.753901,41689,0,0,0,0,0,0,0,0
16:33:47.793927,41699,0,0,0,0,0,0,0,0
16:33:47.812866,41709,0,0,0,0,0,0,0,0
16:33:47.814870,41719,0,0,0,0,0,0,0,0
16:33:47.818512,41729,0,0,0,0,0,0,0,0
16:33:47.821797,41739,1,1,0,0,1,1,0,0
16:33:47.823871,41749,0,0,0,0,0,0,0,0
16:33:47.829793,41759,0,0,0,0,0,0,0,0
16:33:47.832934,41769,0,0,0,0,0,0,0,0
16:33:47.877388,41779,0,0,0,0,0,0,0,0
16:33:47.878185,41789,1,1,1,1,1,1,1,1
16:33:47.878185,41799,0,0,0,0,0,0,0,0
16:33:47.878185,41809,0,0,0,0,0,0,0,0
16:33:47.878185,41819,0,0,0,0,0,0,0,0
16:33:47.887903,41829,0,0,0,0,0,0,0,0
16:33:47.889973,41839,0,0,0,0,0,0,0,0
16:33:47.944105,41849,0,0,0,0,0,0,0,0
16:33:47.944105,41859,1,1,1,1,1,1,1,1
16:33:47.944105,41869,0,0,0,0,0,0,0,0
16:33:47.944105,41879,0,0,0,0,0,0,0,0
16:33:47.944105,41889,0,0,0,0,0,0,0,0
16:33:47.957118,41900,0,0,0,0,0,0,0,0
16:33:47.960992,41909,0,0,0,0,0,0,0,0
16:33:48.027548,41919,0,0,0,0,0,0,0,0
16:33:48.044807,41929,1,1,1,1,1,1,1,1
16:33:48.047855,41939,0,0,0,0,0,0,0,0
16:33:48.049975,41949,0,0,0,0,0,0,0,0
16:33:48.053079,41959,0,0,0,0,0,0,0,0
16:33:48.056243,41969,0,0,0,0,0,0,0,0
16:33:48.056243,41979,0,0,0,0,0,0,0,0
16:33:48.062454,41989,0,0,0,0,0,0,0,0
16:33:48.110780,41999,0,0,0,0,0,0,0,0
16:33:48.110780,42009,0,0,0,0,0,0,0,0
16:33:48.110780,42019,0,0,0,0,0,0,0,0
16:33:48.110780,42029,0,0,0,0,0,0,0,0
16:33:48.110780,42039,0,0,0,0,0,0,0,0
16:33:48.120969,42049,0,0,0,0,0,0,0,0
16:33:48.122979,42059,0,0,0,0,0,0,0,0
16:33:48.181319,42070,0,0,0,0,0,0,0,0
16:33:48.181319,42079,0,0,0,0,0,0,0,0
16:33:48.181319,42089,0,0,0,0,0,0,0,0
16:33:48.181319,42099,0,0,0,0,0,0,0,0
16:33:48.193297,42109,0,0,0,0,0,0,0,0
16:33:48.196458,42119,0,0,0,0,0,0,0,0
16:33:48.198467,42129,0,0,0,0,0,0,0,0
16:33:48.199478,42139,0,0,0,0,0,0,0,0
16:33:48.243747,42149,0,0,0,0,0,0,0,0
16:33:48.243747,42159,0,0,0,0,0,0,0,0
16:33:48.243747,42169,0,0,0,0,0,0,0,0
16:33:48.243747,42179,0,0,0,0,0,0,0,0
16:33:48.243747,42189,0,0,0,0,0,0,0,0
16:33:48.261763,42199,0,0,0,0,0,0,0,0
16:33:48.263878,42209,0,0,0,0,0,0,0,0
16:33:48.310705,42219,0,0,0,0,0,0,0,0
16:33:48.310705,42229,0,0,0,0,1,0,0,0
16:33:48.326671,42240,0,0,0,0,2,0,0,0
16:33:48.327395,42249,0,0,0,0,5,0,0,0
16:33:48.331728,42259,0,0,0,0,11,0,0,0
16:33:48.334202,42269,0,0,0,0,19,0,0,0
16:33:48.336251,42279,0,0,0,0,28,0,0,0
16:33:48.422724,42289,0,0,0,0,39,0,0,0
16:33:48.426016,42299,0,0,0,0,51,0,0,0
16:33:48.428548,42309,0,0,0,0,60,0,0,0
16:33:48.430562,42319,0,0,0,0,69,0,0,0
16:33:48.433565,42329,0,0,0,0,76,0,0,0
16:33:48.435556,42339,0,0,0,0,83,0,0,0
16:33:48.436553,42349,0,0,0,0,88,0,0,0
16:33:48.439654,42359,0,0,0,0,90,0,0,0
16:33:48.477186,42369,0,0,0,0,94,0,0,0
16:33:48.477186,42379,0,0,0,0,99,0,0,0
16:33:48.477186,42389,0,0,0,0,102,0,0,0
16:33:48.477186,42399,2,1,1,1,108,1,1,1
16:33:48.477186,42409,0,0,0,0,110,0,0,0
16:33:48.494796,42419,0,0,0,0,113,0,0,0
16:33:48.498194,42429,0,0,0,0,116,0,0,0
16:33:48.544089,42439,0,0,0,0,116,0,0,0
16:33:48.544089,42449,0,0,0,0,116,0,0,0
16:33:48.558930,42459,0,0,0,0,114,0,0,0
16:33:48.560269,42469,4,1,1,6,112,0,0,0
16:33:48.565046,42479,0,0,0,0,114,0,0,0
16:33:48.567473,42489,0,0,0,0,117,0,0,0
16:33:48.569544,42499,0,0,0,0,122,0,0,0
16:33:48.599311,42509,0,0,0,0,128,0,0,0
16:33:48.599311,42519,6,1,1,3,130,0,3,0
16:33:48.599311,42529,0,0,0,0,140,0,0,0
16:33:48.599311,42540,0,0,0,0,144,0,0,0
16:33:48.599311,42549,7,1,1,1,142,0,1,1
16:33:48.607960,42559,9,1,1,1,144,0,1,1
16:33:48.610856,42569,7,1,1,1,145,0,1,2
16:33:48.676655,42579,0,0,0,0,151,0,0,0
16:33:48.676655,42589,0,0,0,0,151,0,0,0
16:33:48.676655,42599,0,0,0,0,151,0,0,0
16:33:48.676655,42609,0,0,0,0,152,0,0,0
16:33:48.676655,42619,0,0,0,0,152,0,0,0
16:33:48.687916,42629,0,0,0,0,152,0,0,0
16:33:48.728549,42639,0,0,0,0,152,0,0,0
16:33:48.742251,42649,0,0,0,0,150,0,0,0
16:33:48.743293,42659,0,0,0,0,149,0,0,0
16:33:48.743293,42669,0,0,0,0,146,0,0,0
16:33:48.751260,42679,0,0,0,0,144,0,0,0
16:33:48.753270,42689,0,0,0,0,144,0,0,0
16:33:48.754294,42699,0,0,0,0,142,0,0,0
16:33:48.809033,42710,0,0,0,0,141,0,0,0
16:33:48.810908,42719,0,0,0,0,140,0,0,0
16:33:48.810908,42729,0,1,1,1,144,0,4,3
16:33:48.810908,42739,0,0,0,0,138,0,0,0
16:33:48.819062,42749,0,0,0,0,138,0,0,0
16:33:48.820138,42759,0,0,0,0,136,0,0,0
16:33:48.822712,42769,0,0,0,0,134,0,0,0
16:33:48.892331,42779,0,1,1,1,136,0,5,1
16:33:48.894661,42789,0,0,0,0,128,0,0,0
16:33:48.896765,42799,0,0,0,0,125,0,0,0
16:33:48.897819,42809,0,2,1,1,121,0,0,1
16:33:48.900122,42819,1,0,0,1,116,0,0,0
16:33:48.903394,42829,0,0,0,1,112,1,0,0
16:33:48.905575,42839,0,0,0,0,107,0,0,0
16:33:48.960583,42849,0,0,0,0,102,0,0,0
16:33:48.979212,42859,0,0,0,0,97,0,0,0
16:33:48.982323,42869,0,3,1,1,94,1,1,1
16:33:48.984352,42880,0,3,1,1,93,0,1,0
16:33:48.987894,42889,0,0,0,0,82,0,0,0
16:33:48.990509,42899,0,0,0,0,75,0,0,0
16:33:48.992184,42909,0,0,0,0,66,0,0,0
16:33:48.995750,42919,0,0,0,0,57,0,0,0
16:33:49.042377,42929,0,6,1,1,51,0,0,0
16:33:49.043873,42939,0,0,0,0,36,0,0,0
16:33:49.043873,42949,0,0,0,0,26,0,0,0
16:33:49.043873,42959,0,7,1,1,21,0,0,1
16:33:49.043873,42969,0,0,0,0,14,0,0,0
16:33:49.055098,42979,0,0,0,0,11,0,0,0
16:33:49.056103,42989,0,0,0,0,9,0,0,0
16:33:49.130706,42999,0,0,0,0,6,0,0,0
16:33:49.133696,43009,0,3,1,1,6,0,0,1
16:33:49.135690,43019,0,0,0,0,4,0,0,0
16:33:49.138679,43029,0,0,0,0,2,0,0,0
16:33:49.140673,43039,0,0,0,0,2,0,0,0
16:33:49.143125,43049,0,0,0,0,1,0,0,0
16:33:49.144236,43059,0,0,0,0,0,0,0,0
16:33:49.183696,43069,0,0,0,0,0,0,0,0
16:33:49.183696,43079,0,0,0,0,0,0,0,0
16:33:49.183696,43089,0,0,0,0,0,0,0,0
16:33:49.183696,43099,0,2,2,1,2,1,1,1
16:33:49.192084,43109,0,1,2,1,1,1,1,1
16:33:49.196497,43119,0,0,0,0,0,0,0,0
16:33:49.196497,43129,0,0,0,0,0,0,0,0
16:33:49.200629,43139,0,0,0,0,0,0,0,0
16:33:49.244530,43149,0,0,0,0,0,0,0,0
16:33:49.244530,43159,0,0,0,0,0,0,0,0
16:33:49.256788,43169,0,0,0,0,0,0,0,0
16:33:49.258941,43180,0,0,0,0,0,0,0,0
16:33:49.261845,43189,0,0,0,0,0,0,0,0
16:33:49.264286,43199,0,0,0,0,0,0,0,0
16:33:49.266329,43209,0,0,0,0,0,0,0,0
16:33:49.310998,43219,0,0,0,0,0,0,0,0
16:33:49.325597,43229,0,0,0,0,0,0,0,0
16:33:49.326932,43239,0,0,0,0,0,0,0,0
16:33:49.326932,43249,0,0,0,0,0,0,0,0
16:33:49.332907,43259,0,0,0,0,0,0,0,0
16:33:49.333993,43269,0,0,0,0,0,0,0,0
16:33:49.336520,43279,0,0,0,0,0,0,0,0
16:33:49.416419,43289,0,0,0,0,0,0,0,0
16:33:49.418650,43299,0,0,0,0,0,0,0,0
16:33:49.420784,43309,0,0,0,0,0,0,0,0
16:33:49.421896,43319,0,0,0,0,0,0,0,0
16:33:49.424393,43329,0,0,0,0,0,0,0,0
16:33:49.428020,43339,0,0,0,0,0,0,0,0
16:33:49.430012,43350,0,0,0,0,0,0,0,0
16:33:49.430012,43359,0,0,0,0,0,0,0,0
16:33:49.475990,43369,0,0,0,0,0,0,0,0
16:33:49.489673,43379,0,0,0,0,0,0,0,0
16:33:49.492613,43389,0,0,0,0,0,0,0,0
16:33:49.492613,43399,1,1,0,0,0,0,0,0
16:33:49.498803,43409,0,0,7,1,1,1,0,0
16:33:49.500813,43419,0,0,5,1,1,1,0,0
16:33:49.501819,43429,0,0,4,1,1,1,0,0
16:33:49.543417,43439,0,0,0,0,0,0,0,0
16:33:49.558877,43449,0,0,0,0,0,0,0,0
16:33:49.560415,43459,0,0,0,0,0,0,0,0
16:33:49.565049,43469,1,4,0,0,0,0,0,0
16:33:49.567576,43479,0,0,0,0,0,0,0,0
16:33:49.569639,43489,0,0,0,0,0,0,0,0
16:33:49.569639,43499,0,0,0,0,0,0,0,0
16:33:49.573350,43509,0,0,0,0,0,0,0,0
16:33:49.627809,43520,0,0,0,0,0,0,0,0
16:33:49.627809,43529,0,0,0,0,0,0,0,0
16:33:49.635148,43539,1,4,0,0,0,0,0,0
16:33:49.635148,43549,0,0,0,0,0,0,0,0
16:33:49.670661,43559,0,0,0,0,0,0,0,0
16:33:49.675489,43569,0,0,0,0,0,0,0,0
16:33:49.678553,43579,0,0,0,0,0,0,0,0
16:33:49.695419,43589,0,0,0,0,0,0,0,0
16:33:49.698865,43599,0,0,0,0,0,0,0,0
16:33:49.700155,43609,1,6,0,0,0,0,0,0
16:33:49.700155,43619,0,0,0,0,0,0,0,0
16:33:49.705894,43629,0,0,0,0,0,0,0,0
16:33:49.707925,43639,0,0,0,0,0,0,0,0
16:33:49.711051,43649,0,0,0,0,0,0,0,0
16:33:49.711051,43659,0,0,0,0,0,0,0,0
16:33:49.760091,43669,0,0,0,0,0,0,0,0
16:33:49.760091,43679,1,1,0,0,0,0,0,0
16:33:49.760091,43689,0,0,0,0,0,0,0,0
16:33:49.760091,43699,0,0,0,0,0,0,0,0
16:33:49.760091,43709,0,0,0,0,0,0,0,0
16:33:49.776063,43719,0,0,0,0,0,0,0,0
16:33:49.779318,43729,0,0,0,0,0,0,0,0
16:33:49.837938,43739,0,0,0,0,0,0,0,0
16:33:49.839942,43749,1,1,0,0,0,0,0,0
16:33:49.843260,43759,0,0,0,0,0,0,0,0
16:33:49.843260,43769,0,0,0,0,0,0,0,0
16:33:49.848579,43779,0,0,0,0,0,0,0,0
16:33:49.850591,43789,0,0,0,0,0,0,0,0
16:33:49.852602,43799,0,0,0,0,0,0,0,0
16:33:49.928635,43809,0,0,0,0,0,0,0,0
16:33:49.930628,43820,1,1,0,0,0,0,0,0
16:33:49.933618,43829,0,0,0,0,0,0,0,0
16:33:49.935641,43839,0,0,0,0,0,0,0,0
16:33:49.940222,43849,0,0,0,0,0,0,0,0
16:33:49.941224,43859,0,0,0,0,0,0,0,0
16:33:49.946214,43869,0,0,0,0,0,0,0,0
16:33:49.948486,43879,0,0,0,0,0,0,0,0
16:33:49.996560,43889,0,0,0,0,0,0,0,0
16:33:49.996560,43899,0,0,0,0,0,0,0,0
16:33:49.996560,43909,0,0,0,0,0,0,0,0
16:33:49.996560,43919,0,0,0,0,0,0,0,0
16:33:50.008912,43929,0,0,0,2,1,1,1,0
16:33:50.011701,43939,0,0,0,0,0,0,0,0
16:33:50.013129,43949,0,0,0,0,0,0,0,0
16:33:50.065833,43959,0,0,0,0,0,0,0,0
16:33:50.076689,43969,0,0,0,0,0,0,0,0
16:33:50.076689,43979,0,0,0,0,1,1,1,4
16:33:50.076689,43990,0,0,0,0,0,0,0,0
16:33:50.076689,43999,0,0,0,0,0,0,0,0
16:33:50.086601,44009,0,0,0,0,1,1,1,4
16:33:50.087668,44019,0,0,0,0,1,1,1,4
16:33:50.090210,44029,0,0,0,0,2,1,1,4
16:33:50.133490,44039,0,0,0,0,0,0,0,0
16:33:50.133490,44049,0,0,0,0,0,0,0,0
16:33:50.142225,44059,0,0,0,0,0,0,0,0
16:33:50.144010,44069,0,0,0,0,0,0,0,0
16:33:50.147941,44079,0,0,0,0,0,0,0,0
16:33:50.150428,44089,0,0,0,0,3,1,0,0
16:33:50.152474,44099,1,0,0,0,0,0,0,0
16:33:50.208960,44109,1,0,0,0,1,1,0,1
16:33:50.213181,44119,0,0,0,0,3,1,1,1
16:33:50.213683,44129,0,0,0,0,0,0,0,0
16:33:50.219104,44139,0,0,0,0,0,0,0,0
16:33:50.221835,44149,0,0,0,0,0,0,0,0
16:33:50.225382,44160,0,0,0,0,0,0,0,0
16:33:50.227952,44169,0,0,0,0,0,0,0,0
16:33:50.232054,44179,0,0,0,0,0,0,0,0
16:33:50.358306,44189,0,0,0,0,0,0,0,0
16:33:50.358306,44199,0,0,0,0,0,0,0,0
16:33:50.358306,44209,0,0,0,0,0,0,0,0
16:33:50.358306,44219,0,0,0,0,0,0,0,0
16:33:50.358306,44229,0,0,0,0,0,0,0,0
16:33:50.370062,44239,0,0,0,0,0,0,0,0
16:33:50.372612,44249,0,0,0,0,0,0,0,0
16:33:50.376546,44259,0,0,0,0,0,0,0,0
16:33:50.379770,44269,1,0,0,0,0,0,0,0
16:33:50.382364,44279,0,0,0,0,0,0,0,0
16:33:50.384296,44289,1,1,1,4,0,0,0,0
16:33:50.386451,44299,0,0,0,0,3,1,1,1
16:33:50.388610,44309,1,0,0,0,0,0,0,0
16:33:50.388610,44319,0,0,0,0,0,0,0,0
16:33:50.444406,44329,2,0,0,0,0,0,0,0
16:33:50.444406,44339,0,0,0,0,0,0,0,0
16:33:50.444406,44349,0,0,0,0,0,0,0,0
16:33:50.444406,44359,1,1,1,4,0,0,0,0
16:33:50.444406,44369,0,0,0,0,0,0,0,0
16:33:50.457245,44379,0,0,0,0,0,0,0,0
16:33:50.460639,44389,0,0,0,0,0,0,0,0
16:33:50.461717,44399,0,0,0,0,0,0,0,0
16:33:50.510602,44409,0,0,0,0,0,0,0,0
16:33:50.510602,44419,0,0,0,0,0,0,0,0
16:33:50.510602,44429,2,1,1,6,0,0,0,0
16:33:50.510602,44439,0,0,0,0,0,0,0,0
16:33:50.527722,44449,0,0,0,0,0,0,0,0
16:33:50.530686,44460,0,0,0,0,0,0,0,0
16:33:50.533053,44469,0,0,0,0,0,0,0,0
16:33:50.576905,44479,0,0,0,0,0,0,0,0
16:33:50.592234,44489,0,0,0,0,0,0,0,0
16:33:50.593619,44499,1,1,1,1,0,0,0,0
16:33:50.597973,44509,0,0,0,0,0,0,0,0
16:33:50.600024,44519,0,0,0,0,0,0,0,0
16:33:50.601068,44529,0,0,0,0,0,0,0,0
16:33:50.602124,44539,0,0,0,0,0,0,0,0
16:33:50.605269,44549,0,0,0,0,0,0,0,0
16:33:50.659084,44559,0,0,0,0,0,0,0,0
16:33:50.660177,44569,1,1,1,1,0,0,0,0
16:33:50.660177,44579,0,0,0,0,0,0,0,0
16:33:50.660177,44589,0,0,0,0,0,0,0,0
16:33:50.660177,44599,0,0,0,0,0,6,1,1
16:33:50.670955,44609,0,0,0,0,0,6,1,1
16:33:50.672169,44619,0,0,0,0,0,6,1,1
16:33:50.726823,44630,0,0,0,0,0,0,0,0
16:33:50.728814,44639,1,1,1,1,2,0,0,0
16:33:50.729889,44649,0,0,0,0,0,0,0,0
16:33:50.729889,44659,0,0,0,0,0,0,0,0
16:33:50.738607,44669,0,0,0,0,0,0,0,0
16:33:50.741921,44679,0,0,0,0,0,0,0,0
16:33:50.747626,44689,0,0,0,0,0,0,0,0
16:33:50.818471,44699,0,0,0,0,0,0,0,0
16:33:50.821460,44709,1,1,1,1,2,0,0,0
16:33:50.823454,44719,0,0,0,0,0,0,0,0
16:33:50.825815,44729,0,0,0,0,0,0,0,0
16:33:50.828406,44739,0,0,0,0,0,0,0,0
16:33:50.830433,44749,1,0,0,0,0,0,0,0
16:33:50.832458,44759,0,0,0,0,0,0,0,0
16:33:50.833466,44769,0,0,0,0,0,0,0,0
16:33:50.893907,44779,0,0,0,0,0,0,0,0
16:33:50.893907,44789,0,0,0,0,0,0,0,0
16:33:50.893907,44800,2,3,0,0,0,0,0,0
16:33:50.908843,44809,0,0,0,0,0,0,0,0
16:33:50.911085,44819,0,0,0,0,0,0,0,0
16:33:50.915039,44829,0,0,0,0,0,0,0,0
16:33:50.917060,44839,0,0,0,0,0,0,0,0
16:33:50.958998,44849,0,0,0,0,0,0,1,1
16:33:50.961172,44859,0,0,0,0,0,0,0,0
16:33:50.963703,44869,0,0,0,0,0,0,0,0
16:33:50.963703,44879,1,1,1,1,3,0,0,0
16:33:50.968041,44889,0,0,0,0,0,0,2,1
16:33:50.969438,44899,0,0,0,0,0,0,2,1
16:33:50.971619,44909,0,0,0,0,0,0,2,1
16:33:50.972720,44919,0,0,0,0,0,0,0,0
16:33:51.027084,44929,0,0,0,0,0,0,0,0
16:33:51.027084,44939,0,0,0,0,0,0,0,0
16:33:51.027084,44949,0,0,0,0,0,0,0,0
16:33:51.027084,44959,0,0,0,0,0,0,0,0
16:33:51.027084,44969,6,0,0,0,0,0,0,0
16:33:51.038670,44979,0,0,0,0,0,0,0,0
16:33:51.040681,44989,0,0,0,0,0,0,0,0
16:33:51.140002,44999,0,0,0,0,0,0,0,0
16:33:51.143478,45009,0,0,0,0,0,0,0,0
16:33:51.145547,45019,0,0,0,0,0,0,6,1
16:33:51.146619,45029,0,0,0,0,0,0,0,0
16:33:51.149320,45039,0,0,0,0,0,0,0,0
16:33:51.151446,45049,0,0,0,0,0,0,0,0
16:33:51.152515,45059,0,0,0,0,0,0,0,0
16:33:51.155815,45069,0,0,0,0,0,0,9,1
16:33:51.183924,45079,0,0,0,0,0,0,0,0
16:33:51.195124,45089,0,0,0,0,0,0,0,0
16:33:51.197651,45100,0,0,0,0,0,0,0,0
16:33:51.199752,45109,0,3,0,0,0,0,3,1
16:33:51.201564,45119,0,3,0,0,0,0,3,1
16:33:51.203994,45129,0,0,0,0,0,0,3,1
16:33:51.205065,45139,0,0,0,0,0,0,0,0
16:33:51.259937,45149,0,0,0,0,0,0,0,0
16:33:51.259937,45159,0,0,0,0,0,0,0,0
16:33:51.259937,45169,0,0,0,0,0,0,0,0
16:33:51.259937,45179,0,0,0,0,0,0,0,0
16:33:51.259937,45189,0,0,0,0,0,0,2,1
16:33:51.270936,45199,0,0,0,0,0,0,1,1
16:33:51.271981,45209,0,0,0,0,0,0,1,1
16:33:51.333850,45219,0,0,0,0,0,0,0,0
16:33:51.336885,45229,0,0,0,0,0,0,0,0
16:33:51.339916,45239,0,0,0,0,0,0,0,0
16:33:51.342376,45249,0,0,0,0,0,0,0,0
16:33:51.345514,45259,0,0,0,0,0,0,0,0
16:33:51.347628,45270,0,0,0,0,0,0,0,0
16:33:51.349725,45279,0,0,0,0,0,0,0,0
16:33:51.351832,45289,0,3,3,0,0,0,0,0
16:33:51.410685,45299,0,0,0,0,0,0,0,0
16:33:51.413170,45309,0,0,0,0,0,0,0,0
16:33:51.416657,45319,0,5,3,0,0,0,0,0
16:33:51.419513,45329,0,0,0,0,0,0,0,0
16:33:51.424177,45339,0,0,0,0,0,0,0,0
16:33:51.427288,45349,0,0,0,0,0,0,0,0
16:33:51.427288,45359,0,0,0,0,0,0,0,0
16:33:51.493722,45369,0,6,2,0,0,0,0,4
16:33:51.493722,45379,1,0,0,0,1,0,1,0
16:33:51.493722,45389,1,0,0,0,0,0,0,0
16:33:51.500871,45399,0,0,0,0,0,0,0,0
16:33:51.500871,45409,0,0,0,0,0,0,0,0
16:33:51.504612,45419,0,5,1,0,0,0,0,0
16:33:51.506701,45429,0,0,0,0,0,0,0,0
16:33:51.509247,45440,0,0,0,0,0,0,0,0
16:33:51.560579,45449,0,0,0,0,0,0,0,0
16:33:51.560579,45459,0,0,0,0,0,0,0,0
16:33:51.560579,45469,0,0,4,0,0,0,0,0
16:33:51.560579,45479,0,0,0,0,0,0,0,0
16:33:51.560579,45489,0,0,0,0,0,0,0,0
16:33:51.576552,45499,0,0,0,1,0,0,0,0
16:33:51.579166,45509,0,0,0,0,0,0,0,0
16:33:51.627378,45519,0,0,0,0,0,0,0,0
16:33:51.627378,45529,0,0,0,0,0,0,0,0
16:33:51.641073,45539,0,0,0,0,0,0,0,0
16:33:51.645611,45549,1,1,1,1,1,1,4,0
16:33:51.646692,45559,0,0,0,0,0,0,0,0
16:33:51.648968,45569,0,0,0,0,0,0,0,0
16:33:51.649994,45579,0,0,0,0,0,0,0,0
16:33:51.693916,45589,0,0,0,0,0,0,0,0
16:33:51.708834,45599,0,0,0,0,0,0,0,0
16:33:51.710356,45609,0,0,0,0,0,0,0,0
16:33:51.710356,45619,1,1,1,1,1,1,4,0
16:33:51.717382,45629,0,0,1,2,0,0,0,0
16:33:51.718383,45639,0,0,0,0,0,0,0,0
16:33:51.720375,45649,0,0,0,0,0,0,0,0
16:33:51.720375,45659,0,0,0,0,0,0,0,0
16:33:51.776434,45669,0,0,0,0,0,0,0,0
16:33:51.777409,45679,0,0,3,4,0,0,0,0
16:33:51.777409,45689,1,1,1,1,1,1,6,0
16:33:51.777409,45699,0,0,0,0,0,0,0,0
16:33:51.777409,45709,0,0,0,0,0,0,0,0
16:33:51.787478,45719,0,0,0,0,0,0,0,0
16:33:51.789701,45729,0,0,0,0,0,0,0,0
16:33:51.843191,45740,0,0,0,0,0,0,0,0
16:33:51.843191,45749,0,0,0,0,0,0,0,0
16:33:51.843191,45759,1,1,1,1,1,1,1,0
16:33:51.843191,45769,0,0,0,0,0,0,0,0
16:33:51.855994,45779,0,0,0,0,0,0,0,0
16:33:51.858064,45789,0,0,0,0,0,0,0,0
16:33:51.861538,45799,0,0,0,0,0,0,0,0
16:33:51.863596,45809,0,0,0,0,0,0,0,0
16:33:51.916200,45819,0,0,0,0,0,0,0,0
16:33:51.920210,45829,1,1,1,1,1,1,1,0
16:33:51.922216,45839,0,0,0,0,0,0,0,0
16:33:51.928766,45849,0,0,0,0,0,0,0,0
16:33:51.932078,45859,0,0,0,0,0,0,0,0
16:33:51.933086,45869,0,0,0,0,0,0,0,0
16:33:51.937271,45879,0,0,0,0,0,0,0,0
16:33:52.008875,45889,0,0,0,0,0,0,0,0
16:33:52.011127,45899,1,1,1,1,1,1,1,0
16:33:52.013138,45910,0,0,0,0,0,0,0,0
16:33:52.015181,45919,0,0,0,0,0,0,0,0
16:33:52.017224,45929,0,0,0,0,0,0,0,0
16:33:52.020465,45939,0,0,0,0,0,0,0,0
16:33:52.022489,45949,0,0,0,0,0,0,0,0
16:33:52.023500,45959,0,0,0,0,0,0,0,0
16:33:52.077277,45969,0,0,0,0,0,0,0,0
16:33:52.077277,45979,0,0,0,0,0,0,0,0
16:33:52.077277,45989,0,0,0,0,0,0,0,0
16:33:52.077277,45999,0,0,0,0,0,0,0,0
16:33:52.077277,46009,1,0,0,1,4,0,0,0
16:33:52.090998,46019,0,0,0,0,0,0,0,0
16:33:52.094890,46029,0,0,0,0,0,0,0,0
16:33:52.144125,46039,0,0,0,0,0,0,0,0
16:33:52.144125,46049,0,0,0,0,0,0,0,0
16:33:52.152729,46059,2,0,0,2,0,0,0,0
16:33:52.152729,46069,0,0,0,0,0,0,0,0
16:33:52.152729,46080,0,0,0,0,0,0,0,0
16:33:52.158361,46089,0,0,0,0,0,0,0,0
16:33:52.162359,46099,0,0,0,0,0,0,0,0
16:33:52.210512,46109,0,0,0,0,0,0,0,0
16:33:52.210512,46119,0,0,0,0,0,0,0,0
16:33:52.210512,46129,0,0,0,0,0,0,0,0
16:33:52.227484,46139,0,0,0,0,0,0,0,0
16:33:52.230696,46149,0,0,0,0,0,0,0,0
16:33:52.232818,46159,0,0,0,0,0,0,0,0
16:33:52.234913,46169,0,0,0,0,0,0,0,0
16:33:52.234913,46179,0,0,0,0,0,0,0,0
16:33:52.277983,46189,0,0,0,0,0,0,0,0
16:33:52.277983,46199,0,0,0,0,0,0,0,0
16:33:52.277983,46209,0,0,0,0,0,0,0,0
16:33:52.293556,46219,0,0,0,0,0,0,0,0
16:33:52.297888,46229,0,0,0,0,0,0,0,0
16:33:52.299963,46239,0,0,0,0,0,0,0,0
16:33:52.302034,46249,0,0,0,0,0,0,0,0
16:33:52.380113,46259,0,0,0,0,0,0,0,0
16:33:52.383292,46269,0,0,0,0,0,0,0,0
16:33:52.386565,46279,0,0,0,0,0,0,0,0
16:33:52.388837,46289,0,0,0,0,0,0,0,0
16:33:52.393378,46299,1,6,0,1,4,0,0,0
16:33:52.395229,46309,0,0,0,0,0,0,0,0
16:33:52.397998,46319,0,0,0,0,0,0,0,0
16:33:52.400084,46329,0,0,0,0,0,0,0,0
16:33:52.443842,46339,0,0,0,0,0,0,0,0
16:33:52.443842,46349,1,3,0,0,0,0,0,0
16:33:52.443842,46359,0,0,0,0,0,0,0,0
16:33:52.443842,46369,0,0,0,0,0,0,0,0
16:33:52.458782,46380,1,3,0,0,0,0,0,0
16:33:52.462297,46389,1,1,0,0,0,0,0,0
16:33:52.464289,46399,1,1,0,0,1,1,0,0
16:33:52.510955,46409,1,1,0,0,1,0,0,0
16:33:52.510955,46419,1,1,0,0,1,2,0,0
16:33:52.510955,46429,0,0,0,0,0,0,0,0
16:33:52.526521,46439,0,0,0,0,0,0,0,0
16:33:52.529536,46449,0,0,0,0,0,0,0,0
16:33:52.531530,46459,0,0,0,0,0,0,0,0
16:33:52.532524,46469,0,0,0,0,0,0,0,0
16:33:52.532524,46479,0,0,0,0,0,0,0,0
16:33:52.593686,46489,0,0,0,0,0,0,0,0
16:33:52.593686,46499,1,1,0,0,2,4,0,0
16:33:52.593686,46509,0,0,0,0,0,0,0,0
16:33:52.593686,46519,0,0,0,0,0,0,0,0
16:33:52.593686,46529,1,1,2,0,3,0,0,0
16:33:52.603387,46539,0,0,0,0,0,0,0,0
16:33:52.605452,46550,0,0,0,0,0,0,0,0
16:33:52.692487,46559,0,0,0,0,0,0,0,0
16:33:52.696901,46569,0,0,0,0,0,0,0,0
16:33:52.698913,46579,0,0,0,0,0,0,0,0
16:33:52.699917,46589,0,0,0,0,0,0,0,0
16:33:52.701926,46599,0,0,0,0,0,0,0,0
16:33:52.703271,46609,0,0,0,0,0,0,0,0
16:33:52.705475,46619,0,0,0,0,0,0,0,0
16:33:52.743159,46629,0,0,0,0,0,0,0,0
16:33:52.743159,46639,0,0,0,0,0,0,0,0
16:33:52.743159,46649,1,1,1,1,1,1,1,1
16:33:52.743159,46659,1,0,0,0,0,0,0,0
16:33:52.761418,46669,1,0,0,1,1,0,0,0
16:33:52.763851,46679,0,0,0,0,0,0,0,0
16:33:52.765745,46689,1,1,6,0,5,0,0,0
16:33:52.767530,46699,1,1,6,0,5,0,0,0
16:33:52.810706,46709,1,1,6,0,4,0,0,0
16:33:52.823235,46720,0,0,0,0,0,0,0,0
16:33:52.826511,46729,0,0,0,0,0,0,0,0
16:33:52.831317,46739,0,0,0,0,0,0,0,0
16:33:52.833723,46749,0,0,0,0,0,0,0,0
16:33:52.836071,46759,0,0,0,0,0,0,0,0
16:33:52.838367,46769,0,0,0,0,0,0,0,0
16:33:52.908690,46779,0,0,0,0,0,0,0,0
16:33:52.911055,46789,0,0,0,0,0,0,0,0
16:33:52.913219,46799,0,0,0,0,0,0,0,0
16:33:52.915246,46809,0,0,0,0,0,0,0,0
16:33:52.918544,46819,0,0,0,0,0,0,0,0
16:33:52.920708,46829,0,0,0,0,0,0,0,0
16:33:52.922035,46839,0,0,0,0,0,0,0,0
16:33:52.927381,46849,0,0,0,0,0,0,0,0
16:33:52.961811,46859,0,0,0,0,0,0,0,0
16:33:52.963834,46869,0,0,0,0,0,0,0,0
16:33:52.966455,46879,2,1,1,1,1,1,1,1
16:33:52.966455,46889,1,1,1,1,1,1,1,1
16:33:52.969945,46899,0,0,0,0,0,0,0,0
16:33:52.972291,46909,0,0,0,0,0,0,0,0
16:33:52.973351,46919,0,0,0,0,0,0,0,0
16:33:53.026541,46929,0,0,0,0,0,0,0,0
16:33:53.026541,46939,0,0,0,0,0,0,0,0
16:33:53.035227,46949,0,0,0,0,0,0,0,0
16:33:53.035227,46959,1,1,1,2,0,3,4,0
16:33:53.035227,46969,1,1,1,2,0,3,3,0
16:33:53.042687,46979,1,1,1,2,0,3,0,0
16:33:53.045283,46989,1,1,1,2,0,4,0,0
16:33:53.109831,46999,1,1,2,4,0,4,0,0
16:33:53.127890,47009,2,1,1,4,0,4,0,0
16:33:53.129926,47020,1,1,1,2,0,4,0,0
16:33:53.131962,47029,1,1,1,4,0,5,0,0
16:33:53.134000,47039,1,1,1,4,0,5,1,0
16:33:53.136027,47049,0,0,0,0,0,0,0,0
16:33:53.138921,47059,0,0,0,0,0,0,0,0
16:33:53.142079,47069,0,0,0,0,0,0,0,0
16:33:53.194063,47079,0,0,0,0,0,0,0,0
16:33:53.194063,47089,0,0,0,0,0,0,0,0
16:33:53.194063,47099,0,0,0,0,0,0,0,0
16:33:53.194063,47109,0,0,0,0,0,5,0,0
16:33:53.194063,47119,0,0,0,0,0,0,0,0
16:33:53.204997,47129,0,0,0,0,0,0,0,0
16:33:53.206454,47139,0,0,0,0,0,0,0,0
16:33:53.264573,47149,0,0,0,0,0,0,0,0
16:33:53.267144,47159,0,0,0,0,0,0,0,0
16:33:53.269193,47169,0,0,0,0,0,0,0,0
16:33:53.271768,47179,0,0,0,0,0,0,0,0
16:33:53.273837,47190,0,0,0,0,0,0,0,0
16:33:53.276206,47199,0,0,0,0,0,0,0,0
16:33:53.279058,47209,0,0,0,0,0,0,0,0
16:33:53.280104,47219,7,1,1,1,0,0,0,1
16:33:53.327843,47229,0,0,0,0,0,0,0,0
16:33:53.327843,47239,0,0,0,0,0,0,0,0
16:33:53.327843,47249,0,0,0,0,0,0,1,1
16:33:53.327843,47259,0,0,0,0,0,0,0,0
16:33:53.344968,47269,0,0,0,0,0,0,0,0
16:33:53.347075,47279,3,1,1,1,0,0,1,0
16:33:53.349089,47289,3,1,1,1,0,0,0,4
16:33:53.405011,47299,3,1,1,1,0,0,1,2
16:33:53.407013,47309,0,0,0,0,0,0,0,0
16:33:53.410775,47319,0,0,0,0,0,0,1,3
16:33:53.412992,47329,0,0,0,0,0,0,0,0
16:33:53.415194,47339,0,0,0,0,0,0,0,0
16:33:53.417682,47349,0,0,0,0,0,0,0,0
16:33:53.418714,47360,0,0,0,0,0,0,0,0
16:33:53.419820,47369,0,0,0,0,0,0,0,0
16:33:53.477893,47379,0,0,0,0,0,0,0,0
16:33:53.485827,47389,0,0,0,0,0,0,2,3
16:33:53.485827,47399,0,0,0,0,0,0,0,0
16:33:53.485827,47409,0,0,0,0,0,0,0,0
16:33:53.494226,47419,0,0,0,0,0,0,0,0
16:33:53.495963,47429,0,1,1,1,4,0,4,3
16:33:53.495963,47439,0,0,0,0,0,0,0,0
16:33:53.543468,47449,0,0,0,0,0,0,0,0
16:33:53.543468,47459,0,0,0,0,0,0,5,1
16:33:53.543468,47469,0,0,0,0,0,0,0,0
16:33:53.543468,47479,0,0,0,0,0,0,0,0
16:33:53.543468,47489,0,0,0,0,0,0,0,0
16:33:53.554477,47499,0,0,0,0,0,0,0,0
16:33:53.556523,47509,0,0,0,0,0,0,0,0
16:33:53.637371,47519,0,0,0,0,0,0,0,0
16:33:53.640382,47529,0,0,0,0,0,0,6,0
16:33:53.643498,47539,0,3,1,1,6,0,5,0
16:33:53.645507,47549,0,3,1,1,6,0,3,0
16:33:53.647545,47559,0,4,1,1,6,0,1,0
16:33:53.649584,47569,0,0,0,0,0,0,0,0
16:33:53.651616,47579,0,0,0,0,0,0,0,0
16:33:53.653671,47589,0,0,0,0,0,0,0,0
16:33:53.693735,47599,0,0,0,0,0,0,0,0
16:33:53.712158,47609,0,0,0,0,0,0,0,0
16:33:53.712158,47619,0,0,0,0,0,0,0,0
16:33:53.712158,47629,0,0,0,0,0,0,0,0
16:33:53.719030,47639,0,0,0,0,0,0,0,0
16:33:53.721068,47649,0,0,0,0,0,0,0,0
16:33:53.723360,47660,0,0,0,0,0,0,0,0
16:33:53.776520,47669,0,0,0,0,0,0,0,0
16:33:53.776520,47679,0,0,0,0,0,0,0,0
16:33:53.776520,47689,0,0,0,0,0,0,0,0
16:33:53.776520,47699,0,0,0,0,0,0,0,0
16:33:53.789062,47709,0,0,0,0,0,0,0,0
16:33:53.791072,47719,0,0,0,0,0,0,0,0
16:33:53.794439,47729,0,0,0,0,0,0,0,0
16:33:53.797668,47739,0,3,1,1,1,0,0,1
16:33:53.843267,47749,0,0,0,0,0,0,0,0
16:33:53.843267,47759,0,0,0,0,0,0,0,0
16:33:53.858733,47769,0,0,0,0,0,0,0,0
16:33:53.861853,47779,0,0,0,0,0,0,0,0
16:33:53.864406,47789,0,0,0,0,0,0,0,0
16:33:53.866705,47799,0,0,0,0,0,0,0,0
16:33:53.867744,47809,0,0,0,0,0,0,0,0
16:33:53.910594,47819,0,0,0,0,0,0,0,0
16:33:53.910594,47830,0,0,0,0,0,0,0,0
16:33:53.910594,47839,0,0,0,0,0,0,0,0
16:33:53.910594,47849,0,0,0,0,0,0,0,0
16:33:53.928435,47859,0,0,0,0,0,0,0,0
16:33:53.930429,47869,0,0,0,0,0,0,0,0
16:33:53.932513,47879,0,0,0,0,0,0,0,0
16:33:54.009906,47889,0,0,0,0,0,0,0,0
16:33:54.011929,47899,0,0,0,0,0,0,0,0
16:33:54.014129,47909,0,0,0,0,0,0,0,0
16:33:54.015134,47919,0,0,0,0,0,0,0,0
16:33:54.017172,47929,0,0,0,0,0,0,0,0
16:33:54.019640,47939,0,0,0,0,1,0,0,0
16:33:54.022138,47949,0,0,0,0,0,0,0,0
16:33:54.024181,47959,0,0,0,0,0,0,0,0
16:33:54.092087,47969,0,0,0,0,0,0,0,0
16:33:54.094175,47979,0,0,0,0,0,0,0,0
16:33:54.096519,47989,0,0,0,0,0,0,0,0
16:33:54.098528,48000,0,0,0,0,0,0,0,0
16:33:54.100535,48009,0,0,0,0,0,0,0,0
16:33:54.103325,48019,0,0,0,0,0,0,0,0
16:33:54.105433,48029,0,0,0,0,0,0,0,0
16:33:54.143903,48039,0,0,0,0,0,0,0,0
16:33:54.143903,48049,0,0,0,0,0,0,0,0
16:33:54.143903,48059,0,0,0,0,0,0,0,0
16:33:54.143903,48069,0,0,7,1,1,1,1,1
16:33:54.159935,48079,0,0,0,0,0,0,0,0
16:33:54.162779,48089,0,0,0,0,0,0,0,0
16:33:54.164770,48099,0,0,0,0,0,0,0,0
16:33:54.167602,48109,0,0,5,1,1,1,0,0
16:33:54.210227,48119,0,0,0,0,0,0,0,0
16:33:54.210227,48129,0,0,0,0,0,0,0,0
16:33:54.226567,48139,0,0,0,0,0,0,0,0
16:33:54.228379,48149,0,0,0,0,0,0,0,0
16:33:54.232401,48159,0,0,0,0,0,0,0,0
16:33:54.234399,48169,0,0,0,0,0,0,0,0
16:33:54.235396,48179,0,0,0,0,0,0,0,0
16:33:54.330070,48189,0,0,0,0,0,0,0,0
16:33:54.334117,48199,0,0,0,0,0,0,0,0
16:33:54.336167,48209,0,0,0,0,0,0,0,0
16:33:54.339277,48219,0,0,1,1,1,1,2,0
16:33:54.343140,48229,0,0,0,0,0,0,0,0
16:33:54.346080,48239,0,0,0,0,0,0,0,0
16:33:54.346080,48249,0,0,0,0,0,0,0,0
16:33:54.351840,48259,0,0,0,0,0,0,0,0
16:33:54.383001,48269,0,0,0,1,1,1,4,0
16:33:54.383001,48279,0,0,0,0,0,0,0,0
16:33:54.389322,48289,0,0,0,0,0,0,0,0
16:33:54.391976,48300,1,6,0,0,0,0,0,0
16:33:54.396266,48309,1,3,0,0,0,0,0,0
16:33:54.399285,48319,0,0,0,0,0,0,0,0
16:33:54.399285,48329,0,0,0,0,0,0,0,0
16:33:54.443652,48339,0,0,0,0,0,0,0,0
16:33:54.443652,48349,0,0,0,0,0,0,0,0
16:33:54.459700,48359,0,0,0,0,0,0,0,0
16:33:54.462049,48369,1,1,0,0,0,0,0,0
16:33:54.465051,48379,0,0,0,2,1,1,5,0
16:33:54.467065,48389,0,0,0,0,0,0,0,0
16:33:54.469074,48399,0,0,0,0,0,0,0,0
16:33:54.525568,48409,0,0,0,0,0,0,0,0
16:33:54.526847,48419,0,0,0,0,0,0,0,0
16:33:54.532354,48429,0,0,0,4,1,1,6,0
16:33:54.532354,48439,1,1,0,0,0,0,0,0
16:33:54.537464,48449,0,0,0,0,0,0,0,0
16:33:54.540447,48459,0,0,0,5,1,1,3,0
16:33:54.544685,48470,0,0,0,6,1,1,3,0
16:33:54.546813,48479,0,0,0,6,1,1,1,0
16:33:54.593025,48489,0,0,0,0,0,0,0,0
16:33:54.593025,48499,0,0,0,0,0,0,0,0
16:33:54.593025,48509,1,1,1,0,0,0,0,0
16:33:54.593025,48519,0,0,0,0,0,0,0,0
16:33:54.593025,48529,0,0,0,0,0,0,0,0
16:33:54.604294,48539,0,0,0,0,0,0,0,0
16:33:54.606369,48549,0,0,0,0,0,0,0,0
16:33:54.679329,48559,0,0,0,0,0,0,0,0
16:33:54.683218,48569,0,0,0,0,0,0,0,0
16:33:54.685210,48579,1,1,4,0,0,0,0,0
16:33:54.688202,48589,0,0,0,0,0,0,0,0
16:33:54.690493,48599,0,0,0,0,0,0,0,0
16:33:54.693154,48609,0,0,0,0,0,0,0,0
16:33:54.694155,48619,0,0,0,0,0,0,0,0
16:33:54.699680,48629,0,0,0,0,0,0,0,0
16:33:54.734549,48640,0,0,0,0,0,0,0,0
16:33:54.734549,48649,1,1,5,0,0,0,0,0
16:33:54.734549,48659,1,1,5,0,0,0,0,0
16:33:54.748091,48669,0,0,0,0,0,0,0,0
16:33:54.752277,48679,0,0,0,0,0,0,0,0
16:33:54.756691,48689,0,0,0,0,0,0,0,0
16:33:54.762334,48699,0,0,0,0,0,0,0,0
16:33:54.826406,48709,0,0,0,0,0,0,0,0
16:33:54.826406,48719,1,1,6,0,0,0,0,0
16:33:54.826406,48729,0,0,0,0,0,0,0,0
16:33:54.826406,48739,0,0,0,0,0,0,0,0
16:33:54.839973,48749,0,0,0,0,0,0,0,0
16:33:54.844988,48759,0,0,0,0,0,0,0,0
16:33:54.848447,48769,0,0,0,0,0,0,0,0
16:33:54.850735,48779,0,0,0,0,0,0,0,0
16:33:54.908662,48789,0,0,0,0,0,0,0,0
16:33:54.913688,48799,0,0,0,0,0,0,0,0
16:33:54.915702,48809,0,0,0,0,0,0,0,0
16:33:54.915702,48819,0,0,0,0,0,0,0,0
16:33:54.921693,48829,0,0,0,0,0,0,0,0
16:33:54.923709,48839,0,0,0,0,0,0,0,0
16:33:54.926766,48849,0,0,0,0,0,0,0,0
16:33:54.966194,48859,0,0,0,0,0,0,0,0
16:33:54.966194,48869,0,0,0,0,0,0,0,0
16:33:54.966194,48879,0,0,0,0,0,0,0,0
16:33:54.966194,48889,0,0,0,0,0,0,0,0
16:33:54.975306,48899,0,0,0,0,0,0,0,0
16:33:54.979986,48909,0,0,0,0,0,0,0,0
16:33:54.982495,48919,0,0,0,0,0,0,0,0
16:33:55.032455,48929,0,0,0,0,0,0,0,0
16:33:55.039977,48940,0,0,0,0,0,0,0,0
16:33:55.039977,48949,0,0,0,0,0,0,0,0
16:33:55.042971,48959,0,0,0,0,3,1,1,1
16:33:55.046076,48969,0,0,0,0,0,0,0,0
16:33:55.048098,48979,0,0,0,0,0,0,0,0
16:33:55.050127,48989,0,0,0,0,0,0,0,0
16:33:55.050127,48999,0,0,0,0,0,0,0,0
16:33:55.093811,49009,0,0,0,0,3,1,1,1
16:33:55.110572,49019,0,0,0,0,0,0,0,0
16:33:55.110572,49029,0,0,0,0,0,0,0,0
16:33:55.110572,49039,0,0,0,0,1,1,1,1
16:33:55.110572,49049,0,0,0,0,2,1,1,1
16:33:55.119329,49059,0,0,0,0,1,1,1,1
16:33:55.120523,49069,0,0,0,0,0,0,0,0
16:33:55.200078,49079,0,0,0,0,0,0,0,0
16:33:55.204069,49089,0,0,0,0,0,0,0,0
16:33:55.207058,49099,0,0,0,0,0,0,0,0
16:33:55.210050,49110,0,0,0,0,0,0,0,0
16:33:55.212170,49119,4,0,0,0,0,0,0,0
16:33:55.214247,49129,0,0,0,0,0,0,0,0
16:33:55.216275,49139,0,0,0,0,0,0,0,0
16:33:55.218296,49149,0,0,0,0,0,0,0,0
16:33:55.264078,49159,0,0,0,0,0,0,0,0
16:33:55.276773,49169,3,0,0,0,0,0,0,0
16:33:55.276773,49179,0,0,0,0,0,0,0,0
16:33:55.276773,49189,0,0,0,0,0,0,0,0
16:33:55.284577,49199,0,0,0,0,0,0,0,0
16:33:55.286625,49209,0,0,0,0,0,0,0,0
16:33:55.287632,49219,1,0,0,0,0,0,0,1
16:33:55.327352,49229,1,0,0,0,0,0,0,1
16:33:55.343769,49239,0,0,0,0,0,0,0,0
16:33:55.343769,49249,0,0,0,0,0,0,0,0
16:33:55.343769,49259,0,0,0,0,0,0,0,0
16:33:55.350873,49269,0,0,0,0,0,0,0,0
16:33:55.352884,49280,0,0,0,0,0,0,0,0
16:33:55.354893,49289,0,0,0,0,0,0,0,0
16:33:55.410561,49299,0,0,0,0,0,0,0,0
16:33:55.411606,49309,0,0,0,0,0,0,0,0
16:33:55.411606,49319,0,0,0,0,0,0,0,0
16:33:55.411606,49329,0,0,0,0,0,0,0,0
16:33:55.411606,49339,0,0,0,0,0,0,0,0
16:33:55.420874,49349,0,0,0,0,0,0,0,0
16:33:55.422884,49359,3,0,0,0,0,0,0,0
16:33:55.424912,49369,3,0,0,0,0,0,0,0
16:33:55.477562,49379,1,0,0,0,0,0,0,0
16:33:55.477562,49389,1,0,0,0,0,0,0,0
16:33:55.477562,49399,0,0,0,0,0,0,0,0
16:33:55.477562,49409,0,0,0,0,0,0,0,0
16:33:55.477562,49419,0,0,0,0,0,0,0,0
16:33:55.489261,49429,0,0,0,0,0,0,0,0
16:33:55.491656,49439,0,0,0,0,0,0,0,0
16:33:55.577188,49449,0,0,0,0,0,0,0,0
16:33:55.580257,49459,0,0,0,0,0,0,0,0
16:33:55.582388,49469,0,0,0,0,0,0,0,0
16:33:55.583392,49479,0,0,0,0,0,0,0,0
16:33:55.585402,49489,0,0,0,0,0,0,0,0
16:33:55.589307,49499,0,0,0,0,0,0,0,0
16:33:55.591425,49509,0,0,0,0,0,0,0,0
16:33:55.595948,49519,0,0,0,0,0,0,0,0
16:33:55.660850,49529,0,0,0,0,0,0,0,0
16:33:55.660850,49539,0,0,0,0,0,0,0,0
16:33:55.660850,49549,0,0,0,0,0,0,0,0
16:33:55.660850,49559,1,1,1,1,3,0,0,0
16:33:55.677326,49569,0,0,0,0,0,0,0,0
16:33:55.680301,49580,0,0,0,0,0,0,0,0
16:33:55.680301,49589,0,0,0,0,0,0,0,0
16:33:55.715361,49599,0,0,0,0,0,0,2,1
16:33:55.716371,49609,0,0,0,0,0,0,0,0
16:33:55.716371,49619,0,0,0,0,0,0,0,0
16:33:55.716371,49629,1,1,1,1,1,0,0,0
16:33:55.716371,49639,1,1,1,1,1,0,0,0
16:33:55.726163,49649,1,1,1,1,1,0,0,0
16:33:55.728153,49659,0,0,0,0,0,0,0,0
16:33:55.729384,49669,0,0,0,0,0,0,4,1
16:33:55.777192,49679,0,0,0,0,0,0,4,1
16:33:55.777192,49689,0,0,0,0,0,0,4,1
16:33:55.789090,49699,1,1,1,1,1,0,0,0
16:33:55.792017,49709,0,0,0,0,0,0,0,0
16:33:55.795583,49719,0,0,0,0,0,0,0,0
16:33:55.797628,49729,0,0,0,0,0,0,0,0
16:33:55.799677,49739,0,0,0,0,0,0,0,0
16:33:55.860179,49750,0,0,0,0,0,0,0,0
16:33:55.860179,49759,0,0,0,0,0,0,0,0
16:33:55.860179,49769,1,1,1,1,1,2,0,0
16:33:55.860179,49779,0,0,0,0,0,0,0,0
16:33:55.860179,49789,0,0,0,0,0,0,0,0
16:33:55.871905,49799,0,0,0,0,0,0,0,0
16:33:55.873284,49809,0,0,0,0,0,0,0,0
16:33:55.927267,49819,0,0,0,0,0,0,0,0
16:33:55.930625,49829,0,0,0,0,0,0,0,0
16:33:55.930625,49839,1,1,1,1,1,4,0,0
16:33:55.930625,49849,0,1,0,0,0,0,0,0
16:33:55.930625,49859,0,0,0,0,2,0,0,0
16:33:55.939972,49869,0,0,0,0,7,0,0,0
16:33:55.942373,49879,0,0,0,0,11,0,0,0
16:33:55.947123,49889,0,0,0,0,12,0,0,0
16:33:55.994116,49899,0,1,2,0,11,0,0,0
16:33:55.994116,49909,1,1,1,1,10,5,0,0
16:33:55.994116,49920,0,0,0,0,6,0,0,0
16:33:55.994116,49929,0,0,0,0,4,0,0,1
16:33:56.006401,49939,0,0,0,0,3,0,0,1
16:33:56.010636,49949,0,0,0,0,2,0,0,1
16:33:56.014354,49959,0,0,0,0,1,0,0,1
16:33:56.060590,49969,0,0,0,0,1,0,0,2
16:33:56.060590,49979,1,1,1,1,2,6,0,0
16:33:56.060590,49989,0,0,0,0,0,0,0,0
16:33:56.060590,49999,0,0,0,0,0,0,0,0
16:33:56.060590,50009,0,0,0,0,0,0,0,0
16:33:56.074722,50019,0,0,0,0,0,0,0,0
16:33:56.078883,50029,0,5,1,0,0,0,0,0
16:33:56.078883,50039,0,0,0,0,0,0,0,0
16:33:56.208279,50049,1,1,1,1,1,1,0,0
16:33:56.212292,50059,0,0,0,0,0,0,0,0
16:33:56.215608,50069,0,0,0,0,0,0,0,0
16:33:56.217612,50079,0,0,0,0,0,0,0,3
16:33:56.222359,50089,0,0,0,0,0,0,0,0
16:33:56.226970,50099,0,0,0,0,0,0,0,0
16:33:56.231022,50109,0,0,0,0,0,0,0,0
16:33:56.233096,50119,0,0,0,0,0,0,0,0
16:33:56.233096,50129,0,0,0,0,0,0,0,5
16:33:56.237154,50139,0,0,0,0,0,0,0,5
16:33:56.239726,50149,0,0,0,0,0,0,0,0
16:33:56.242750,50159,0,0,0,0,0,0,0,0
16:33:56.246018,50169,0,0,0,0,0,0,0,0
16:33:56.248178,50179,0,0,0,0,0,0,0,0
16:33:56.293662,50189,0,0,0,0,0,0,0,0
16:33:56.293662,50199,0,0,0,0,2,0,0,0
16:33:56.293662,50209,0,0,0,0,7,0,0,5
16:33:56.293662,50220,0,0,0,0,13,0,0,0
16:33:56.293662,50229,0,0,0,0,14,0,0,0
16:33:56.312958,50239,0,0,1,0,10,0,0,0
16:33:56.314969,50249,0,0,1,1,7,0,0,0
16:33:56.315972,50259,0,0,1,2,5,0,0,0
16:33:56.367665,50269,0,0,0,0,4,0,0,0
16:33:56.369670,50279,1,1,1,1,4,1,4,0
16:33:56.373681,50289,0,0,0,0,2,0,0,3
16:33:56.379577,50299,0,0,0,0,1,0,0,0
16:33:56.384621,50309,0,0,0,0,0,0,0,0
16:33:56.384621,50319,0,0,0,0,4,0,0,0
16:33:56.384621,50329,0,0,0,0,13,0,0,0
16:33:56.450065,50339,0,0,0,0,24,0,0,0
16:33:56.450065,50349,1,1,1,1,40,1,5,0
16:33:56.450065,50359,0,0,0,0,51,0,0,0
16:33:56.460368,50369,0,0,0,0,64,0,0,0
16:33:56.462783,50379,0,0,0,0,75,0,0,0
16:33:56.465812,50390,0,0,0,0,85,0,0,0
16:33:56.466837,50399,0,0,0,0,92,0,0,0
16:33:56.499650,50409,0,0,0,0,99,0,0,0
16:33:56.499650,50419,1,1,1,1,107,1,3,0
16:33:56.510742,50429,1,1,1,1,113,1,3,0
16:33:56.510742,50439,0,0,0,0,117,0,0,0
16:33:56.515578,50449,0,0,0,0,121,0,0,0
16:33:56.517573,50459,0,0,0,0,123,0,0,0
16:33:56.519564,50469,0,0,0,0,124,0,0,0
16:33:56.577239,50479,0,0,0,0,120,0,0,0
16:33:56.577239,50489,1,1,1,1,114,1,1,0
16:33:56.577239,50499,0,0,1,0,104,0,0,0
16:33:56.577239,50509,1,0,0,0,94,1,0,0
16:33:56.587024,50519,0,0,0,0,84,0,0,0
16:33:56.589055,50529,6,0,6,0,70,0,0,0
16:33:56.591967,50539,5,0,5,3,61,0,0,0
16:33:56.643803,50549,6,0,5,0,46,0,0,0
16:33:56.643803,50560,6,0,5,0,36,0,0,0
16:33:56.643803,50569,6,0,3,0,27,0,0,0
16:33:56.643803,50579,0,0,0,0,23,0,0,0
16:33:56.656878,50589,0,0,0,0,17,0,0,0
16:33:56.659175,50599,0,0,0,0,13,0,0,0
16:33:56.660833,50609,0,0,0,0,10,0,0,0
16:33:56.665440,50619,3,0,0,0,10,0,0,0
16:33:56.791600,50629,0,0,0,0,12,0,0,0
16:33:56.794901,50639,0,0,0,0,18,0,0,0
16:33:56.794901,50649,0,0,0,0,25,0,0,0
16:33:56.794901,50659,0,0,0,0,34,0,0,0
16:33:56.805012,50669,0,0,0,0,44,0,0,0
16:33:56.808567,50679,0,0,0,0,56,0,0,0
16:33:56.809565,50689,0,0,0,0,68,0,0,0
16:33:56.813517,50699,0,0,0,0,81,0,0,0
16:33:56.815527,50709,0,0,0,0,93,0,0,0
16:33:56.817593,50719,0,0,0,0,103,0,0,0
16:33:56.820880,50729,0,0,0,0,112,0,0,0
16:33:56.823224,50739,0,0,0,0,118,0,0,0
16:33:56.826323,50749,0,0,0,0,122,0,0,0
16:33:56.830882,50759,0,0,0,0,124,0,0,0
16:33:56.876850,50769,0,0,0,0,124,0,0,0
16:33:56.876850,50779,0,0,0,0,126,0,0,0
16:33:56.876850,50789,0,0,0,0,130,0,0,0
16:33:56.876850,50799,1,0,0,2,137,0,0,0
16:33:56.876850,50809,1,2,0,3,143,0,0,0
16:33:56.889472,50819,1,2,0,3,150,0,0,0
16:33:56.892538,50829,1,2,0,3,154,0,0,0
16:33:56.944156,50839,0,0,0,0,154,0,0,0
16:33:56.944156,50849,0,0,0,0,158,0,0,0
16:33:56.944156,50860,0,0,0,0,162,0,0,0
16:33:56.944156,50869,0,0,0,0,165,0,0,0
16:33:56.957093,50879,0,0,0,0,167,0,0,0
16:33:56.960780,50889,0,0,0,0,165,0,0,0
16:33:56.981516,50899,0,0,0,0,164,0,0,0
16:33:57.010380,50909,0,0,0,0,165,0,0,0
16:33:57.019604,50919,0,0,0,0,168,0,0,0
16:33:57.019604,50929,0,0,0,0,175,0,0,0
16:33:57.019604,50939,0,0,0,0,183,0,0,0
16:33:57.027377,50949,0,0,0,0,192,0,0,0
16:33:57.030837,50959,0,0,0,0,200,0,0,0
16:33:57.033356,50969,0,0,0,0,207,0,0,0
16:33:57.076624,50979,0,0,0,0,212,0,0,0
16:33:57.076624,50989,0,0,0,0,215,0,0,0
16:33:57.092034,50999,0,0,0,0,218,0,0,0
16:33:57.093153,51009,0,0,0,0,220,0,0,0
16:33:57.097476,51019,0,0,0,0,217,0,0,0
16:33:57.099488,51030,0,0,0,0,210,0,0,0
16:33:57.101499,51039,0,0,0,0,198,0,0,0
16:33:57.160571,51049,0,0,0,0,178,0,0,0
16:33:57.160571,51059,0,0,0,0,149,0,0,0
16:33:57.160571,51069,0,0,0,0,113,0,0,0
16:33:57.160571,51079,0,0,0,0,85,0,0,0
16:33:57.160571,51089,0,0,0,0,64,0,0,0
16:33:57.172606,51099,0,0,0,0,48,0,0,0
16:33:57.174637,51109,0,0,0,0,36,0,0,0
16:33:57.227429,51119,0,0,0,0,27,0,0,0
16:33:57.232820,51129,0,0,0,0,22,0,0,0
16:33:57.232820,51139,0,0,0,0,20,0,0,0
16:33:57.237055,51149,0,0,0,0,20,0,0,0
16:33:57.240234,51159,0,0,0,0,20,0,0,0
16:33:57.247069,51169,1,1,0,0,23,2,0,0
16:33:57.249430,51179,0,0,0,0,22,0,0,0
16:33:57.293462,51189,0,0,0,0,23,0,0,0
16:33:57.293462,51200,0,0,0,0,24,0,0,0
16:33:57.299919,51209,0,0,0,0,18,0,0,0
16:33:57.299919,51219,0,0,0,0,13,0,0,0
16:33:57.305705,51229,0,0,0,0,10,0,0,0
16:33:57.307753,51239,0,0,0,0,8,0,0,0
16:33:57.311540,51249,0,0,0,0,6,0,0,0
16:33:57.369742,51259,0,0,0,0,4,0,0,0
16:33:57.369742,51269,0,0,0,0,3,0,0,0
16:33:57.378768,51279,0,0,0,0,2,0,0,0
16:33:57.382602,51289,0,0,0,0,2,0,0,0
16:33:57.384795,51299,0,0,0,0,1,0,0,0
16:33:57.384795,51309,0,0,0,0,2,0,0,0
16:33:57.392416,51319,0,0,0,0,11,0,0,0
16:33:57.393864,51329,0,0,0,0,40,0,0,0
16:33:57.459304,51339,0,0,0,0,77,0,0,0
16:33:57.463843,51349,0,0,0,0,114,0,0,0
16:33:57.465861,51359,0,0,0,0,147,0,0,0
16:33:57.466865,51369,0,0,0,0,174,0,0,0
16:33:57.469364,51379,0,0,0,0,195,0,0,0
16:33:57.470899,51389,0,0,0,0,210,0,0,0
16:33:57.473451,51399,0,0,0,0,219,0,0,0
16:33:57.527797,51409,0,0,0,0,225,0,0,0
16:33:57.527797,51419,0,0,0,0,230,0,0,0
16:33:57.527797,51429,0,0,0,0,235,0,0,0
16:33:57.527797,51439,0,0,0,0,239,0,0,0
16:33:57.539712,51449,0,0,0,0,245,0,0,0
16:33:57.543235,51459,0,0,0,0,249,0,0,0
16:33:57.577306,51469,0,0,0,0,250,0,0,0
16:33:57.580623,51479,0,0,0,0,250,0,0,0
16:33:57.582720,51489,0,0,0,0,250,0,0,0
16:33:57.582720,51500,0,0,0,0,251,3,0,0
16:33:57.588461,51509,0,0,0,0,251,0,0,0
16:33:57.589542,51519,0,0,0,0,253,0,0,0
16:33:57.592296,51529,0,0,0,0,256,0,0,0
16:33:57.647710,51539,0,0,0,0,261,0,0,0
16:33:57.647710,51549,0,0,0,0,267,0,0,0
16:33:57.647710,51559,0,0,0,0,273,0,0,0
16:33:57.647710,51569,0,0,0,0,280,0,0,0
16:33:57.647710,51579,0,0,0,0,286,0,0,0
16:33:57.658073,51589,1,1,1,0,291,2,3,0
16:33:57.661881,51599,0,0,0,0,297,0,0,0
16:33:57.711265,51609,0,0,0,0,301,0,0,0
16:33:57.719584,51619,0,0,0,0,303,0,0,0
16:33:57.719584,51629,0,0,0,0,306,0,0,0
16:33:57.719584,51639,0,0,0,0,309,0,0,0
16:33:57.728377,51649,0,0,0,0,313,0,0,0
16:33:57.732413,51659,0,0,0,0,316,0,0,0
16:33:57.734474,51670,1,1,1,2,320,3,3,0
16:33:57.811248,51679,1,1,1,4,324,4,3,0
16:33:57.815679,51689,1,1,1,4,326,4,3,0
16:33:57.818940,51699,0,0,0,0,328,0,0,0
16:33:57.820936,51709,0,0,0,0,327,0,0,0
16:33:57.823858,51719,0,0,0,0,326,0,0,0
16:33:57.828180,51729,0,0,0,0,325,0,0,0
16:33:57.828180,51739,0,0,0,0,326,0,0,0
16:33:57.866718,51749,0,0,0,0,327,0,0,0
16:33:57.872753,51759,0,0,0,0,330,0,0,0
16:33:57.876731,51769,0,0,0,0,331,0,0,0
16:33:57.876731,51779,0,0,0,1,332,0,0,0
16:33:57.882592,51789,1,0,0,0,332,0,1,0
16:33:57.884841,51799,0,0,0,0,331,0,0,0
16:33:57.885932,51809,0,0,0,0,330,0,0,0
16:33:57.927614,51819,0,0,0,0,329,0,0,0
16:33:57.927614,51829,0,0,0,0,330,0,0,0
16:33:57.927614,51840,0,0,0,0,332,0,0,0
16:33:57.927614,51849,3,0,1,1,336,1,1,1
16:33:57.937658,51859,0,0,0,0,338,0,0,0
16:33:57.939820,51869,0,0,0,0,341,0,0,0
16:33:57.942340,51879,0,0,0,0,344,0,0,0
16:33:57.998776,51889,0,0,0,0,347,0,0,0
16:33:57.998776,51899,0,0,0,0,349,0,0,0
16:33:57.998776,51909,0,0,0,0,349,0,0,0
16:33:57.998776,51919,0,0,0,0,348,0,0,0
16:33:57.998776,51929,0,0,0,0,347,0,0,0
16:33:58.012433,51939,8,1,1,1,338,0,1,2
16:33:58.014623,51949,8,1,1,1,334,0,1,0
16:33:58.060766,51959,7,1,1,1,329,0,1,0
16:33:58.060766,51969,5,1,1,1,324,0,1,0
16:33:58.060766,51979,3,1,1,0,320,0,1,2
16:33:58.077634,51989,0,0,0,0,318,0,0,0
16:33:58.080051,51999,0,0,0,0,311,0,0,0
16:33:58.082967,52009,3,1,1,1,299,0,1,3
16:33:58.085297,52019,0,0,0,0,296,0,0,0
16:33:58.132954,52029,0,0,0,0,286,0,0,0
16:33:58.138636,52039,0,0,0,0,275,0,0,0
16:33:58.143555,52049,0,0,0,0,262,0,0,0
16:33:58.145704,52059,0,0,0,0,248,0,0,0
16:33:58.149226,52069,0,0,0,0,231,0,0,0
16:33:58.151734,52079,0,0,0,0,209,0,0,0
16:33:58.152746,52089,0,0,0,0,178,0,0,0
16:33:58.210496,52099,0,0,0,0,144,0,0,0
16:33:58.210496,52109,0,0,0,0,110,0,0,0
16:33:58.229914,52119,0,0,0,0,83,0,0,0
16:33:58.233096,52129,0,0,0,0,63,0,0,0
16:33:58.235629,52140,0,0,0,0,47,0,0,0
16:33:58.235629,52149,0,0,0,0,36,0,0,0
16:33:58.235629,52159,0,0,0,0,27,0,0,0
16:33:58.281569,52169,0,0,0,0,21,0,0,0
16:33:58.281569,52179,0,0,0,0,16,0,0,0
16:33:58.293982,52189,0,0,0,0,12,0,0,0
16:33:58.296087,52199,0,0,0,0,9,0,5,2
16:33:58.298466,52209,0,0,0,0,7,0,0,0
16:33:58.301197,52219,0,2,1,1,12,0,5,0
16:33:58.303701,52229,0,0,0,0,4,0,0,0
16:33:58.306416,52239,0,0,0,0,3,0,0,0
16:33:58.346425,52249,0,0,0,0,2,0,0,0
16:33:58.348505,52259,0,0,0,0,2,0,0,0
16:33:58.351003,52269,0,4,0,1,3,1,1,1
16:33:58.351003,52279,0,3,0,1,7,0,0,4
16:33:58.356756,52289,0,0,0,0,0,0,0,0
16:33:58.359246,52299,0,0,0,0,0,0,0,0
16:33:58.360266,52310,0,0,0,0,0,0,0,0
16:33:58.411127,52319,0,0,0,0,0,0,0,0
16:33:58.411127,52329,0,5,1,1,3,0,0,1
16:33:58.411127,52339,0,0,0,0,0,0,0,0
16:33:58.411127,52349,0,0,0,0,0,0,0,0
16:33:58.427771,52359,0,0,0,0,0,0,0,0
16:33:58.431257,52369,0,0,0,0,0,0,0,0
16:33:58.431257,52379,0,0,0,0,0,0,0,0
16:33:58.436133,52389,0,0,0,0,0,0,0,0
16:33:58.558457,52399,0,0,0,0,0,0,0,0
16:33:58.558457,52409,0,0,0,0,0,0,0,0
16:33:58.566038,52419,0,0,0,0,0,0,0,0
16:33:58.566038,52429,0,0,0,0,0,0,0,0
16:33:58.576958,52439,0,0,0,0,0,0,0,0
16:33:58.579293,52449,0,0,0,0,0,0,0,0
16:33:58.582968,52459,0,0,0,0,0,0,0,0
16:33:58.585444,52469,0,0,0,0,0,0,0,0
16:33:58.586454,52480,0,0,0,0,0,0,0,0
16:33:58.590367,52489,0,0,0,0,0,0,0,0
16:33:58.595162,52499,0,0,0,0,0,0,0,0
16:33:58.596982,52509,0,0,0,0,0,0,0,0
16:33:58.600007,52519,0,0,0,0,0,0,0,0
16:33:58.602337,52529,0,0,0,0,0,0,0,0
16:33:58.643766,52539,0,0,1,1,1,4,0,4
16:33:58.655691,52549,0,0,1,1,1,4,0,5
16:33:58.659574,52559,0,0,1,1,1,4,0,4
16:33:58.659574,52569,3,0,0,0,0,0,0,5
16:33:58.665774,52579,0,0,0,0,0,0,0,0
16:33:58.668208,52589,0,0,0,0,0,0,0,0
16:33:58.669342,52599,0,0,0,0,0,0,0,0
16:33:58.673192,52609,0,0,0,0,0,0,0,0
16:33:58.716630,52619,0,0,0,0,0,0,0,0
16:33:58.716630,52629,0,0,0,0,0,0,0,0
16:33:58.727451,52639,0,0,0,0,0,0,0,0
16:33:58.730458,52649,0,0,0,0,0,0,0,0
16:33:58.732991,52659,0,0,2,1,1,5,0,5
16:33:58.735126,52669,0,0,0,0,0,0,0,0
16:33:58.738616,52679,0,0,0,0,0,0,0,0
16:33:58.816906,52689,0,0,0,0,0,0,0,0
16:33:58.820946,52699,0,0,0,0,0,0,0,0
16:33:58.825538,52709,0,0,0,0,0,0,0,0
16:33:58.828653,52719,0,0,0,0,0,0,0,0
16:33:58.831621,52729,0,0,0,0,0,0,0,0
16:33:58.833700,52739,0,0,0,0,0,0,0,0
16:33:58.835971,52749,0,0,0,0,0,0,0,0
16:33:58.838722,52759,0,0,0,0,0,0,0,0
16:33:58.876968,52769,0,0,0,0,0,0,0,0
16:33:58.876968,52780,0,0,0,0,0,0,0,0
16:33:58.876968,52789,0,0,0,0,0,0,0,0
16:33:58.893005,52799,1,2,0,0,0,0,0,0
16:33:58.896859,52809,0,0,0,0,0,0,0,0
16:33:58.899278,52819,0,0,3,1,1,1,0,0
16:33:58.901842,52829,0,0,3,1,1,1,0,0
16:33:58.959108,52839,0,0,3,1,1,1,0,0
16:33:58.961089,52849,0,0,0,0,0,0,0,0
16:33:58.961089,52859,0,0,0,0,0,0,0,0
16:33:58.961089,52869,1,4,0,0,0,0,0,0
16:33:58.972247,52879,0,0,0,0,0,0,0,0
16:33:58.974502,52889,0,0,0,0,0,0,0,0
16:33:58.976550,52899,0,0,0,0,0,0,0,0
16:33:59.025464,52909,0,0,0,0,0,0,0,0
16:33:59.029865,52919,0,0,0,0,0,0,0,0
16:33:59.029865,52929,0,0,0,0,0,0,0,0
16:33:59.035403,52939,1,5,0,0,0,0,0,0
16:33:59.037968,52950,0,0,0,1,1,0,4,0
16:33:59.039978,52959,0,0,0,0,0,0,0,0
16:33:59.041924,52969,0,0,0,0,0,0,0,0
16:33:59.045295,52979,0,0,0,0,0,0,0,0
16:33:59.093667,52989,0,0,0,0,0,0,0,0
16:33:59.093667,52999,0,0,0,1,1,1,4,0
16:33:59.093667,53009,1,3,0,0,0,0,0,0
16:33:59.093667,53019,0,0,0,0,0,0,0,0
16:33:59.103966,53029,0,0,0,0,0,0,0,0
16:33:59.106346,53039,0,0,0,0,0,0,0,0
16:33:59.109555,53049,0,0,0,0,0,0,0,0
16:33:59.160664,53059,1,0,0,0,0,0,0,0
16:33:59.166966,53069,1,0,0,0,0,0,0,0
16:33:59.169504,53079,1,1,0,0,0,0,0,0
16:33:59.171930,53089,0,0,0,0,0,0,0,0
16:33:59.174692,53099,0,0,0,0,0,0,0,0
16:33:59.178730,53109,0,0,0,3,1,1,6,0
16:33:59.178730,53120,0,0,0,4,1,1,6,0
16:33:59.184280,53129,0,0,0,4,1,1,6,0
16:33:59.243739,53139,0,0,0,0,0,0,0,0
16:33:59.259610,53149,1,1,0,0,0,0,0,0
16:33:59.263130,53159,0,0,0,0,0,0,0,0
16:33:59.265504,53169,0,0,0,0,0,0,0,0
16:33:59.268088,53179,0,0,0,0,0,0,0,0
16:33:59.270935,53189,0,0,0,0,0,0,0,0
16:33:59.272999,53199,0,0,0,0,0,0,0,0
16:33:59.325605,53209,0,0,0,0,0,0,0,0
16:33:59.327180,53219,0,0,0,0,0,0,0,0
16:33:59.332243,53229,0,0,0,0,0,0,0,0
16:33:59.335748,53239,0,0,0,3,1,1,1,1
16:33:59.338647,53249,0,0,0,0,0,0,0,0
16:33:59.341137,53259,0,0,0,0,0,0,0,0
16:33:59.343247,53269,0,0,0,0,0,0,0,0
16:33:59.347757,53279,0,0,0,0,0,0,0,0
16:33:59.408644,53289,0,0,0,0,0,0,0,0
16:33:59.410041,53299,0,0,0,0,0,0,0,0
16:33:59.410041,53309,0,0,0,3,1,1,1,0
16:33:59.410041,53319,0,0,0,0,0,0,0,0
16:33:59.420363,53329,0,0,0,0,0,0,0,0
16:33:59.422809,53339,0,0,0,0,0,0,0,0
16:33:59.426587,53349,0,0,0,0,0,0,0,0
16:33:59.466633,53359,0,0,0,0,0,0,0,0
16:33:59.466633,53369,0,0,0,0,0,0,0,0
16:33:59.466633,53379,0,0,0,0,2,1,1,1
16:33:59.466633,53389,0,0,0,0,2,1,1,1
16:33:59.478782,53399,0,0,0,0,1,1,1,4
16:33:59.480928,53409,0,0,0,0,1,1,1,4
16:33:59.480928,53420,0,0,0,0,1,1,1,4
16:33:59.530963,53429,0,0,0,0,0,0,0,0
16:33:59.530963,53439,0,0,0,0,0,0,0,0
16:33:59.544338,53449,0,0,0,0,2,1,1,4
16:33:59.544338,53459,0,0,0,0,0,0,0,0
16:33:59.549210,53469,0,0,0,0,0,0,0,0
16:33:59.551624,53479,0,0,0,0,0,0,0,0
16:33:59.552758,53489,0,0,0,0,0,0,0,0
16:33:59.556699,53499,0,0,0,0,0,0,0,0
16:33:59.611199,53509,0,0,0,0,0,0,0,0
16:33:59.611199,53519,0,0,0,0,0,0,0,0
16:33:59.611199,53529,0,0,0,0,0,0,0,0
16:33:59.611199,53539,0,0,0,0,0,0,0,0
16:33:59.624614,53549,0,0,0,0,0,0,0,0
16:33:59.628667,53559,0,0,0,0,0,0,0,0
16:33:59.632177,53569,0,0,0,0,0,0,0,0
16:33:59.699260,53579,0,0,0,0,0,0,0,0
16:33:59.701483,53590,0,0,0,0,0,0,0,0
16:33:59.703550,53599,1,1,1,0,0,0,0,0
16:33:59.705891,53609,0,0,0,0,0,0,0,0
16:33:59.708176,53619,0,0,0,0,0,0,0,0
16:33:59.711701,53629,0,0,0,0,0,0,0,0
16:33:59.713924,53639,0,0,0,0,0,0,0,0
16:33:59.716212,53649,0,0,0,0,0,0,0,0
16:33:59.758873,53659,0,0,0,0,0,0,0,0
16:33:59.758873,53669,0,0,0,0,0,0,0,0
16:33:59.758873,53679,0,0,0,0,0,0,0,0
16:33:59.775764,53689,0,0,0,0,0,0,0,0
16:33:59.779352,53699,0,0,0,0,0,0,0,0
16:33:59.781416,53709,0,4,0,0,2,1,2,1
16:33:59.782480,53719,0,0,0,0,3,1,1,1
16:33:59.825849,53729,0,0,0,0,3,1,1,1
16:33:59.841125,53739,0,0,0,0,3,1,1,1
16:33:59.842463,53749,0,0,0,0,2,1,0,1
16:33:59.846606,53760,4,0,0,0,0,0,0,0
16:33:59.850026,53769,0,0,0,0,0,0,0,0
16:33:59.853553,53779,0,0,0,0,0,0,0,0
16:33:59.853553,53789,0,0,0,0,0,0,0,0
16:33:59.908953,53799,0,0,0,0,0,0,0,0
16:33:59.911041,53809,4,0,0,0,0,0,0,0
16:33:59.911041,53819,0,0,0,0,0,0,0,0
16:33:59.917836,53829,0,0,0,0,0,0,0,0
16:33:59.923498,53839,0,0,0,0,0,0,0,0
16:33:59.926684,53849,0,0,0,0,0,0,0,0
16:33:59.928742,53859,0,0,0,0,0,1,1,1
16:33:59.933263,53869,0,0,0,0,0,0,0,0
16:33:59.980916,53879,0,0,0,0,0,0,0,0
16:33:59.989662,53889,0,0,0,0,0,0,0,0
16:33:59.992919,53899,0,0,0,0,0,0,0,0
16:33:59.994038,53909,0,0,0,0,0,0,0,0
16:33:59.999587,53919,0,0,0,0,0,0,0,0
16:34:00.001762,53929,0,0,0,0,0,0,0,0
16:34:00.004095,53939,0,0,0,0,0,0,0,0
16:34:00.059830,53949,0,0,0,0,0,0,0,0
16:34:00.076145,53959,0,0,0,0,0,0,0,0
16:34:00.078190,53969,1,1,1,1,0,0,0,0
16:34:00.078190,53979,0,0,0,0,0,0,0,0
16:34:00.083923,53989,0,0,0,0,0,0,0,0
16:34:00.085113,53999,0,0,0,0,0,6,1,1
16:34:00.087757,54009,0,0,0,0,0,5,1,1
16:34:00.088766,54019,0,0,0,0,0,6,1,1
16:34:00.142785,54029,0,0,0,0,0,0,0,0
16:34:00.142785,54039,0,0,0,0,0,0,0,0
16:34:00.142785,54049,0,0,0,0,0,0,0,0
16:34:00.142785,54060,1,1,1,1,0,0,0,0
16:34:00.142785,54069,0,0,0,0,0,0,0,0
16:34:00.154482,54079,0,0,0,0,0,0,0,0
16:34:00.156822,54089,0,0,0,0,0,0,0,0
16:34:00.227621,54099,1,1,0,0,0,0,0,0
16:34:00.227621,54109,0,0,0,0,0,0,0,0
16:34:00.227621,54119,0,0,0,0,0,0,0,0
16:34:00.242850,54129,1,1,1,1,4,0,0,0
16:34:00.244906,54139,0,0,0,0,0,0,0,0
16:34:00.247195,54149,0,0,0,0,0,3,1,1
16:34:00.250402,54159,0,0,0,0,0,0,0,0
16:34:00.251511,54169,0,0,0,0,0,0,0,0
16:34:00.292753,54179,0,0,0,0,0,0,0,0
16:34:00.292753,54189,0,0,0,0,0,0,0,0
16:34:00.292753,54199,1,1,1,1,5,0,0,0
16:34:00.302160,54209,1,1,1,1,5,0,0,0
16:34:00.305977,54219,1,0,1,1,5,0,0,0
16:34:00.307996,54230,0,0,0,0,0,0,0,0
16:34:00.309792,54239,0,0,0,0,0,0,0,0
16:34:00.359507,54249,3,4,0,0,0,0,0,0
16:34:00.375695,54259,0,0,0,0,0,0,0,0
16:34:00.379598,54269,1,1,1,1,6,0,0,0
16:34:00.382995,54279,4,3,0,0,0,0,0,0
16:34:00.384985,54289,4,3,0,0,0,0,0,0
16:34:00.386971,54299,5,1,0,0,0,0,0,0
16:34:00.389804,54309,0,0,0,0,0,0,0,0
16:34:00.429509,54319,0,0,0,0,0,0,0,0
16:34:00.433899,54329,0,0,0,0,0,0,0,0
16:34:00.433899,54339,1,0,0,0,0,0,0,0
16:34:00.433899,54349,1,0,0,0,0,0,0,0
16:34:00.442166,54359,0,0,0,0,0,0,0,0
16:34:00.445696,54369,0,0,0,0,0,0,0,0
16:34:00.445696,54379,0,0,0,0,0,0,0,0
16:34:00.450111,54389,0,0,0,0,0,0,0,0
16:34:00.494236,54400,0,0,0,0,0,0,0,0
16:34:00.494236,54409,1,1,1,1,1,0,0,0
16:34:00.494236,54419,0,0,0,0,0,0,0,0
16:34:00.494236,54429,0,0,0,0,0,0,0,0
16:34:00.505361,54439,0,0,0,0,0,0,0,0
16:34:00.508034,54449,0,0,0,0,0,0,0,0
16:34:00.510006,54459,0,0,0,0,0,0,7,1
16:34:00.577686,54469,0,0,0,0,0,0,0,0
16:34:00.577686,54479,1,1,1,1,1,1,0,0
16:34:00.592929,54489,0,0,0,0,0,0,0,0
16:34:00.595405,54499,0,0,0,0,0,0,0,0
16:34:00.598651,54509,0,0,0,0,0,0,0,0
16:34:00.602177,54519,0,0,0,0,0,0,0,0
16:34:00.602177,54529,0,0,0,0,0,0,0,0
16:34:00.606946,54539,0,0,0,0,0,0,0,0
16:34:00.648953,54549,0,0,0,0,0,0,0,0
16:34:00.660703,54559,0,0,0,0,0,0,0,0
16:34:00.660703,54569,0,0,0,0,0,0,0,0
16:34:00.660703,54579,0,0,0,0,0,0,0,0
16:34:00.670735,54589,0,1,4,0,0,0,0,0
16:34:00.672887,54599,0,1,2,0,0,0,0,0
16:34:00.677063,54609,0,2,2,0,0,0,0,0
16:34:00.726584,54619,0,1,3,0,0,0,0,0
16:34:00.727677,54629,0,0,0,0,0,0,0,0
16:34:00.733436,54639,0,0,0,0,0,0,0,0
16:34:00.733436,54649,0,0,0,0,0,0,0,0
16:34:00.738888,54659,0,0,0,0,0,0,0,0
16:34:00.741166,54669,0,0,0,0,0,0,0,0
16:34:00.743871,54679,0,0,0,0,0,0,0,0
16:34:00.748254,54689,0,0,0,0,0,0,0,0
16:34:00.811397,54700,0,0,0,0,0,0,0,0
16:34:00.811397,54709,0,0,0,0,0,0,0,0
16:34:00.811397,54719,0,0,0,0,0,0,0,0
16:34:00.811397,54729,0,0,0,0,0,0,0,0
16:34:00.822518,54739,0,0,0,0,0,0,0,0
16:34:00.824559,54749,0,5,1,0,0,0,0,0
16:34:00.830265,54759,0,0,0,0,0,0,0,0
16:34:00.867047,54769,0,0,0,0,0,0,0,0
