Hora;Tiempo;Izquierda_S1;Izquierda_S2;Izquierda_S3;Izquierda_S4;Izquierda_S5;Izquierda_S6;Izquierda_S7;Izquierda_S8
18:05:11.614094;697260;0;32;317;158;13;30;125;103
18:05:11.617215;697269;0;29;300;149;11;27;113;93
18:05:11.619255;697279;0;26;282;140;10;24;103;84
18:05:11.622309;697289;0;23;262;130;9;22;93;76
18:05:11.628522;697299;0;21;241;119;8;20;84;69
18:05:11.660183;697309;0;19;218;107;7;18;76;62
18:05:11.660183;697319;0;17;197;97;5;16;69;57
18:05:11.669120;697329;0;15;178;87;5;14;62;51
18:05:11.671185;697339;0;13;161;79;5;13;56;46
18:05:11.673215;697349;0;12;146;72;4;12;51;42
18:05:11.748735;697359;0;11;132;65;4;10;46;38
18:05:11.760849;697369;0;10;119;58;3;9;42;34
18:05:11.771941;697379;0;9;108;54;3;8;38;31
18:05:11.778643;697389;0;8;98;47;2;7;34;28
18:05:11.783054;697399;0;7;89;43;2;7;31;26
18:05:11.789631;697409;0;6;80;39;1;6;28;23
18:05:11.792901;697419;0;5;73;35;1;5;25;21
18:05:11.797945;697430;0;5;65;32;1;5;23;19
18:05:11.802608;697439;0;4;59;29;1;4;21;17
18:05:11.804650;697449;0;3;54;25;0;4;19;16
18:05:11.813052;697459;0;3;49;23;0;3;17;14
18:05:11.818343;697469;0;2;44;21;1;3;15;13
18:05:11.822388;697479;0;2;40;19;0;2;14;12
18:05:11.827363;697489;0;1;36;16;0;2;12;11
18:05:11.830002;697499;0;1;33;15;0;2;11;10
18:05:11.831255;697509;0;1;30;14;0;1;10;9
18:05:11.880411;697519;0;0;27;12;0;1;9;8
18:05:11.884039;697529;0;0;24;11;0;1;8;7
18:05:11.888081;697539;0;0;22;10;0;1;7;6
18:05:11.894891;697549;0;0;20;9;0;0;7;6
18:05:11.899184;697559;0;0;18;8;0;0;6;5
18:05:11.938094;697569;0;0;16;7;0;0;5;5
18:05:11.941215;697579;0;0;14;6;0;0;5;4
18:05:11.943881;697589;0;0;13;6;0;0;5;2
18:05:11.946029;697600;0;0;12;5;0;0;4;3
18:05:11.948045;697609;0;0;10;4;0;0;3;3
18:05:11.965133;697619;0;0;9;4;0;0;3;3
18:05:11.965133;697629;0;0;8;3;0;0;3;2
18:05:11.970536;697639;0;0;8;2;0;0;2;3
18:05:11.972579;697649;0;0;7;2;0;0;2;2
18:05:11.973604;697659;0;0;6;2;0;0;2;2
18:05:12.009254;697669;0;0;5;1;0;0;1;1
18:05:12.025350;697679;0;0;4;1;0;0;1;1
18:05:12.028156;697689;0;0;4;1;0;0;1;1
18:05:12.030369;697699;0;0;3;0;0;0;1;1
18:05:12.032315;697709;0;0;3;0;0;0;1;1
18:05:12.076022;697719;0;0;3;0;0;0;1;1
18:05:12.076022;697729;0;0;3;0;0;0;0;0
18:05:12.088627;697739;0;0;3;0;0;0;0;0
18:05:12.089640;697749;0;0;3;0;0;0;0;0
18:05:12.092596;697759;0;0;2;0;0;0;0;0
18:05:12.134664;697769;0;0;2;0;0;0;0;0
18:05:12.139272;697779;0;0;2;0;0;0;0;0
18:05:12.141423;697789;0;0;2;0;0;0;0;0
18:05:12.143753;697799;0;0;1;0;0;0;0;0
18:05:12.145881;697809;0;0;1;0;0;0;0;0
18:05:12.180504;697819;0;0;0;0;0;0;0;0
18:05:12.181570;697829;0;0;0;0;0;0;0;0
18:05:12.181570;697839;0;0;0;0;0;0;0;0
18:05:12.181570;697849;0;0;0;0;0;0;0;0
18:05:12.181570;697859;0;0;0;0;0;0;0;0
18:05:12.227028;697869;0;0;0;0;0;0;0;0
18:05:12.232397;697879;0;0;0;0;0;0;0;0
18:05:12.235428;697889;0;0;0;0;0;0;0;0
18:05:12.238166;697900;0;0;0;0;0;0;0;0
18:05:12.240194;697909;0;0;0;0;0;0;0;0
18:05:12.278288;697919;0;0;0;0;0;0;0;0
18:05:12.280287;697929;0;0;0;0;0;0;0;0
18:05:12.282287;697939;0;0;0;0;0;0;0;0
18:05:12.284288;697949;0;0;0;0;0;0;0;0
18:05:12.290721;697959;0;0;0;0;0;0;0;0
18:05:12.315649;697969;0;0;0;0;0;0;0;0
18:05:12.315649;697979;0;0;0;0;0;0;0;0
18:05:12.321878;697989;0;0;0;0;0;0;0;0
18:05:12.323936;697999;0;0;0;0;0;0;0;0
18:05:12.326049;698009;0;0;0;0;0;0;0;0
18:05:12.384944;698019;0;0;0;0;0;0;0;0
18:05:12.386987;698029;0;0;0;0;0;0;0;0
18:05:12.386987;698039;0;0;0;0;0;0;0;0
18:05:12.390898;698049;0;0;0;0;0;0;0;0
18:05:12.393272;698059;0;0;0;0;0;0;0;0
18:05:12.432060;698070;0;0;0;0;0;0;0;0
18:05:12.432060;698079;0;0;0;0;0;0;0;0
18:05:12.442638;698089;0;0;0;0;0;0;0;0
18:05:12.447997;698099;0;0;0;0;0;0;0;0
18:05:12.450241;698109;0;0;0;0;0;0;0;0
18:05:12.465555;698119;0;0;0;0;0;0;0;0
18:05:12.465555;698129;0;0;0;0;0;0;0;0
18:05:12.474165;698139;0;0;0;0;0;0;0;0
18:05:12.476239;698149;0;0;0;0;0;0;0;0
18:05:12.478525;698159;0;0;0;0;0;0;0;0
18:05:12.529315;698169;0;0;0;0;0;0;0;0
18:05:12.530602;698179;0;0;0;0;0;0;0;0
18:05:12.530602;698189;0;0;0;0;0;0;0;0
18:05:12.530602;698199;0;0;0;0;0;0;0;0
18:05:12.530602;698209;0;0;0;0;0;0;0;0
18:05:12.577560;698219;0;0;0;0;0;0;0;0
18:05:12.581168;698229;0;0;0;0;0;0;0;0
18:05:12.583269;698240;0;0;0;0;0;0;0;0
18:05:12.584347;698249;0;0;0;0;0;0;0;0
18:05:12.587614;698259;0;0;0;0;0;0;0;0
18:05:12.630239;698269;0;0;0;0;0;0;0;0
18:05:12.632419;698279;0;0;0;0;0;0;0;0
18:05:12.632419;698289;0;0;0;0;0;0;0;0
18:05:12.632419;698299;0;0;0;0;0;0;0;0
18:05:12.643983;698309;0;0;0;0;0;0;0;0
18:05:12.650006;698319;0;0;0;0;0;0;0;0
18:05:12.681773;698329;0;0;0;0;0;0;0;0
18:05:12.681773;698339;0;0;0;0;0;0;0;0
18:05:12.690944;698349;0;0;0;0;0;0;0;0
18:05:12.692873;698359;0;0;0;0;0;0;0;0
18:05:12.696444;698369;0;0;0;0;0;0;0;0
18:05:12.743486;698379;0;0;0;0;0;0;0;0
18:05:12.745639;698389;0;0;0;0;0;0;0;0
18:05:12.747542;698399;0;0;0;0;0;0;0;0
18:05:12.749299;698409;0;0;0;0;0;0;0;0
18:05:12.751331;698419;0;0;0;0;0;0;0;0
18:05:12.780632;698429;0;0;0;0;0;0;0;0
18:05:12.782708;698439;0;0;0;0;0;0;0;0
18:05:12.782708;698449;0;0;0;0;0;0;0;0
18:05:12.782708;698459;0;0;0;0;0;0;0;0
18:05:12.782708;698469;0;0;0;0;0;0;0;0
18:05:12.831466;698479;0;0;0;0;0;0;0;0
18:05:12.831466;698489;0;0;0;0;0;0;0;0
18:05:12.835540;698499;0;0;0;0;0;0;0;0
18:05:12.836564;698509;0;0;0;0;0;0;0;0
18:05:12.838591;698519;0;0;0;0;0;0;0;0
18:05:12.908943;698529;0;0;0;0;0;0;0;0
18:05:12.908943;698540;0;0;0;0;0;0;0;0
18:05:12.908943;698549;0;0;0;0;0;0;0;0
18:05:12.919794;698559;0;0;0;0;0;0;0;0
18:05:12.925952;698569;0;0;0;0;0;0;0;0
18:05:12.940929;698579;0;0;0;0;0;0;0;0
18:05:12.943407;698589;0;0;0;0;0;0;0;0
18:05:12.945476;698599;0;0;0;0;0;0;0;0
18:05:12.947518;698609;0;0;0;0;0;0;0;0
18:05:12.948508;698619;0;0;0;0;0;0;0;0
18:05:12.995365;698629;0;0;0;0;0;0;0;0
18:05:13.000476;698639;0;0;0;0;0;0;0;0
18:05:13.003567;698649;0;0;0;0;0;0;0;0
18:05:13.003567;698659;0;0;0;0;0;0;0;0
18:05:13.006846;698669;0;0;0;0;0;0;0;0
18:05:13.029083;698679;0;0;0;0;0;0;0;0
18:05:13.031095;698689;0;0;0;0;0;0;0;0
18:05:13.033329;698699;0;0;0;0;0;0;0;0
18:05:13.035334;698710;0;0;0;0;0;0;0;0
18:05:13.037563;698719;0;0;0;0;0;0;0;0
18:05:13.075895;698729;0;0;0;0;0;0;0;0
18:05:13.091181;698739;0;0;0;0;0;0;0;0
18:05:13.097023;698749;0;0;0;0;0;0;0;0
18:05:13.100078;698759;0;0;0;0;0;0;0;0
18:05:13.103683;698769;0;0;0;0;0;0;0;0
18:05:13.149009;698779;0;0;0;0;0;0;0;0
18:05:13.153300;698789;0;0;0;0;0;0;0;0
18:05:13.156399;698799;0;0;0;0;0;0;0;0
18:05:13.162129;698809;0;0;0;0;0;0;0;0
18:05:13.165288;698819;0;0;0;0;0;0;0;0
18:05:13.197873;698829;0;0;0;0;0;0;0;0
18:05:13.197873;698839;0;0;0;0;0;0;0;0
18:05:13.197873;698849;0;0;0;0;0;0;0;0
18:05:13.197873;698859;0;0;0;0;0;0;0;0
18:05:13.207476;698869;0;0;0;0;0;0;0;0
18:05:13.229649;698880;0;0;0;0;0;0;0;0
18:05:13.233301;698889;0;0;0;0;0;0;0;0
18:05:13.235398;698899;0;0;0;0;0;0;0;0
18:05:13.240453;698909;0;0;0;0;0;0;0;0
18:05:13.242462;698919;0;0;0;0;0;0;0;0
18:05:13.294102;698929;0;0;0;0;0;0;0;0
18:05:13.298550;698939;0;0;0;0;0;0;0;0
18:05:13.302334;698949;0;0;0;0;0;0;0;0
18:05:13.305397;698959;0;0;0;0;0;0;0;0
18:05:13.307484;698969;0;0;0;0;0;0;0;0
18:05:13.345617;698979;0;0;0;0;0;0;0;0
18:05:13.347700;698989;0;0;0;0;0;0;0;0
18:05:13.348741;698999;0;0;0;0;0;0;0;0
18:05:13.348741;699009;0;0;0;0;0;0;0;0
18:05:13.355308;699019;0;0;0;0;0;0;0;0
18:05:13.376219;699029;0;0;0;0;0;0;0;0
18:05:13.376219;699039;0;0;0;0;0;0;0;0
18:05:13.388396;699049;0;0;0;0;0;0;0;0
18:05:13.390475;699059;0;0;0;0;0;0;0;0
18:05:13.392858;699069;0;0;0;0;0;0;0;0
18:05:13.448660;699079;0;0;0;0;0;0;0;0
18:05:13.458702;699089;0;0;0;0;0;0;0;0
18:05:13.461860;699099;0;0;0;0;0;0;0;0
18:05:13.464318;699109;0;0;0;0;0;0;0;0
18:05:13.465393;699119;0;0;0;0;0;0;0;0
18:05:13.469841;699129;0;0;0;0;0;0;0;0
18:05:13.507606;699139;0;0;0;0;0;0;0;0
18:05:13.512974;699149;0;0;0;0;0;0;0;0
18:05:13.516249;699159;0;0;0;0;0;0;0;0
18:05:13.519299;699169;0;0;0;0;0;0;0;0
18:05:13.523364;699180;0;0;0;0;0;0;0;0
18:05:13.559563;699189;0;0;0;0;0;0;0;0
18:05:13.562369;699199;0;0;0;0;0;0;0;0
18:05:13.564638;699209;0;0;0;0;0;0;0;0
18:05:13.569979;699219;0;0;0;0;0;0;0;0
18:05:13.578246;699229;0;0;0;0;0;0;0;0
18:05:13.588927;699239;0;0;0;0;0;0;0;0
18:05:13.592237;699249;0;0;0;0;0;0;0;0
18:05:13.595707;699259;0;0;0;0;0;0;0;0
18:05:13.597749;699269;0;0;0;0;0;0;0;0
18:05:13.598761;699279;0;0;0;0;0;0;0;0
18:05:13.646124;699289;0;0;0;0;0;0;0;0
18:05:13.648156;699299;0;0;0;0;0;0;0;0
18:05:13.654078;699309;0;0;0;0;0;0;0;0
18:05:13.657467;699319;0;0;0;0;0;0;0;0
18:05:13.659586;699329;0;0;0;0;0;0;0;0
18:05:13.695730;699339;0;0;0;0;0;0;0;0
18:05:13.695730;699350;0;0;0;0;0;0;0;0
18:05:13.695730;699359;0;0;0;0;0;0;0;0
18:05:13.695730;699369;0;0;0;0;0;0;0;0
18:05:13.708265;699379;0;0;0;0;0;0;0;0
18:05:13.740819;699389;0;0;0;0;0;0;0;0
18:05:13.743611;699399;0;0;0;0;0;0;0;0
18:05:13.745648;699409;0;0;0;0;0;0;0;0
18:05:13.747693;699419;0;0;0;0;0;0;0;0
18:05:13.749287;699429;0;0;0;0;0;0;0;0
18:05:13.794193;699439;0;0;0;0;0;0;0;0
18:05:13.796949;699449;0;0;0;0;0;0;0;0
18:05:13.797984;699459;0;0;0;0;0;0;0;0
18:05:13.800001;699469;0;0;0;0;0;0;0;0
18:05:13.802051;699479;0;0;0;0;0;0;0;0
18:05:13.858673;699489;0;0;0;0;0;0;0;0
18:05:13.858673;699499;0;0;0;0;0;0;0;0
18:05:13.858673;699509;0;0;0;0;0;0;0;0
18:05:13.858673;699520;0;0;0;0;0;0;0;0
18:05:13.873829;699529;0;0;0;0;0;0;0;0
18:05:13.901604;699539;0;0;0;0;0;0;0;0
18:05:13.916951;699549;0;0;0;0;0;0;0;0
18:05:13.925216;699559;0;0;0;0;0;0;0;0
18:05:13.927451;699569;0;0;0;0;0;0;0;0
18:05:13.929458;699579;0;0;0;0;0;0;0;0
18:05:13.942968;699589;0;0;0;0;0;0;0;0
18:05:13.950789;699599;0;0;0;0;0;0;0;0
18:05:13.951865;699609;0;0;0;0;0;0;0;0
18:05:13.958268;699619;0;0;0;0;0;0;0;0
18:05:13.962274;699629;0;0;0;0;0;0;0;0
18:05:13.998183;699639;0;0;0;0;0;0;0;0
18:05:13.998183;699649;0;0;0;0;0;0;0;0
18:05:14.009147;699659;0;0;0;0;0;0;0;0
18:05:14.014277;699669;0;0;0;0;0;0;0;0
18:05:14.017306;699679;0;0;0;0;0;0;0;0
18:05:14.059721;699689;0;0;0;0;0;0;0;0
18:05:14.062130;699699;0;0;0;0;0;0;0;0
18:05:14.064174;699709;0;0;0;0;0;0;0;0
18:05:14.065208;699719;0;0;0;0;0;0;0;0
18:05:14.065208;699729;0;0;0;0;0;0;0;0
18:05:14.092815;699739;0;0;0;0;0;0;0;0
18:05:14.095879;699749;0;0;0;0;0;0;0;0
18:05:14.096891;699759;0;0;0;0;0;0;0;0
18:05:14.097903;699769;0;0;0;0;0;0;0;0
18:05:14.102596;699779;0;0;0;0;0;0;0;0
18:05:14.161880;699789;0;0;0;0;0;0;0;0
18:05:14.165403;699799;0;0;0;0;0;0;0;0
18:05:14.167456;699809;0;0;0;0;0;0;0;0
18:05:14.169492;699820;0;0;0;0;0;0;0;0
18:05:14.169492;699829;0;0;0;0;0;0;0;0
18:05:14.207629;699839;0;0;0;0;0;0;0;0
18:05:14.209320;699849;0;0;0;0;0;0;0;0
18:05:14.209320;699859;0;0;0;0;0;0;0;0
18:05:14.209320;699869;0;0;0;0;0;0;0;0
18:05:14.216362;699879;0;0;0;0;0;0;0;0
18:05:14.242545;699889;0;0;0;0;0;0;0;0
18:05:14.242545;699899;0;0;0;0;0;0;0;0
18:05:14.242545;699909;0;0;0;0;0;0;0;0
18:05:14.242545;699919;0;0;0;0;0;0;0;0
18:05:14.257484;699929;0;0;0;0;0;0;0;0
18:05:14.260587;699939;0;0;0;0;0;0;0;0
18:05:14.304687;699949;0;0;0;0;0;0;0;0
18:05:14.305726;699959;0;0;0;0;0;0;0;0
18:05:14.307778;699969;0;0;0;0;0;0;0;0
18:05:14.310548;699979;0;0;0;0;0;0;0;0
18:05:14.313277;699990;0;0;0;0;0;0;0;0
18:05:14.348750;699999;0;0;0;0;0;0;0;0
18:05:14.348750;700009;0;0;0;0;0;0;0;0
18:05:14.348750;700019;0;0;0;0;0;0;0;0
18:05:14.359479;700029;0;0;0;0;0;0;0;0
18:05:14.366317;700039;0;0;0;0;0;0;0;0
18:05:14.414886;700049;0;0;0;0;0;0;0;0
18:05:14.414886;700059;0;0;0;0;0;0;0;0
18:05:14.414886;700069;0;0;0;0;0;0;0;0
18:05:14.414886;700079;0;0;0;0;0;0;0;0
18:05:14.414886;700089;0;0;0;0;0;0;0;0
18:05:14.442652;700099;0;0;0;0;0;0;0;0
18:05:14.442652;700109;0;0;0;0;0;0;0;0
18:05:14.450473;700119;0;0;0;0;0;0;0;0
18:05:14.451490;700129;0;0;0;0;0;0;0;0
18:05:14.453534;700139;0;0;0;0;0;0;0;0
18:05:14.510560;700149;0;0;0;0;0;0;0;0
18:05:14.512690;700160;0;0;0;0;0;0;0;0
18:05:14.514915;700169;0;0;0;0;0;0;0;0
18:05:14.516968;700179;0;0;0;0;0;0;0;0
18:05:14.517981;700189;0;0;0;0;0;0;0;0
18:05:14.559553;700199;0;0;0;0;0;0;0;0
18:05:14.559553;700209;0;0;0;0;0;0;0;0
18:05:14.575259;700219;0;0;0;0;0;0;0;0
18:05:14.580675;700229;0;0;0;0;0;0;0;0
18:05:14.584888;700239;0;0;0;0;0;0;0;0
18:05:14.592535;700249;0;0;0;0;0;0;0;0
18:05:14.592535;700259;0;0;0;0;0;0;0;0
18:05:14.608983;700269;0;0;0;0;0;0;0;0
18:05:14.610385;700279;0;0;0;0;0;0;0;0
18:05:14.612823;700289;0;0;0;0;0;0;0;0
18:05:14.648804;700299;0;0;0;0;0;0;0;0
18:05:14.658618;700309;0;0;0;0;0;0;0;0
18:05:14.660285;700319;0;0;0;0;0;0;0;0
18:05:14.662807;700329;0;0;0;0;0;0;0;0
18:05:14.666155;700339;0;0;0;0;0;0;0;0
18:05:14.709340;700349;0;0;0;0;0;0;0;0
18:05:14.709340;700359;0;0;0;0;0;0;0;0
18:05:14.722394;700369;0;0;0;0;0;0;0;0
18:05:14.727190;700379;0;0;0;0;0;0;0;0
18:05:14.731227;700389;0;0;0;0;0;0;0;0
18:05:14.764570;700399;0;0;0;0;0;0;0;0
18:05:14.764570;700409;0;0;0;0;0;0;0;0
18:05:14.773194;700419;0;0;0;0;0;0;0;0
18:05:14.775294;700429;0;0;0;0;0;0;0;0
18:05:14.777319;700439;0;0;0;0;0;0;0;0
18:05:14.804368;700449;0;0;0;0;0;0;0;0
18:05:14.809118;700460;0;0;0;0;0;0;0;0
18:05:14.814010;700469;0;0;0;0;0;0;0;0
18:05:14.817039;700479;0;0;0;0;0;0;0;0
18:05:14.821103;700489;0;0;0;0;0;0;0;0
18:05:14.848236;700499;0;0;0;0;0;0;0;0
18:05:14.848236;700509;0;0;0;0;0;0;0;0
18:05:14.859277;700519;0;0;0;0;0;0;0;0
18:05:14.862366;700529;0;0;0;0;0;0;0;0
18:05:14.862366;700539;0;0;0;0;0;0;0;0
18:05:14.909206;700549;0;0;0;0;0;0;0;0
18:05:14.909206;700559;0;0;0;0;0;0;0;0
18:05:14.923127;700569;0;0;0;0;0;0;0;0
18:05:14.925194;700579;0;0;0;0;0;0;0;0
18:05:14.927202;700589;0;0;0;0;0;0;0;0
18:05:14.975922;700599;0;0;0;0;0;0;0;0
18:05:14.978024;700609;0;0;0;0;0;0;0;0
18:05:14.980056;700619;0;0;0;0;0;0;0;0
18:05:14.982048;700630;0;0;0;0;0;0;0;0
18:05:14.983065;700639;0;0;0;0;0;0;0;0
18:05:15.005571;700649;0;0;0;0;0;0;0;0
18:05:15.009565;700659;0;0;0;0;0;0;0;0
18:05:15.015448;700669;0;0;0;0;0;0;0;0
18:05:15.017487;700679;0;0;0;0;0;0;0;0
18:05:15.024444;700689;0;0;0;0;0;0;0;0
18:05:15.089341;700699;0;0;0;0;0;0;0;0
18:05:15.095623;700709;0;0;0;0;0;0;0;0
18:05:15.097568;700719;0;0;0;0;0;0;0;0
18:05:15.097568;700729;0;0;0;0;0;0;0;0
18:05:15.097568;700739;0;0;0;0;0;0;0;0
18:05:15.097568;700749;0;0;0;0;0;0;0;0
18:05:15.110317;700759;0;0;0;0;0;0;0;0
18:05:15.110317;700769;0;0;0;0;0;0;0;0
18:05:15.123769;700779;0;0;0;0;0;0;0;0
18:05:15.126413;700789;0;0;0;0;0;0;0;0
18:05:15.128336;700800;0;0;0;0;0;0;0;0
18:05:15.176839;700809;0;0;0;0;0;0;0;0
18:05:15.176839;700819;0;0;0;0;0;0;0;0
18:05:15.184152;700829;0;0;0;0;0;0;0;0
18:05:15.186191;700839;0;0;0;0;0;0;0;0
18:05:15.187215;700849;0;0;0;0;0;0;0;0
18:05:15.207663;700859;0;0;0;0;0;0;0;0
18:05:15.210691;700869;0;0;0;0;0;0;0;0
18:05:15.213889;700879;0;0;0;0;0;0;0;0
18:05:15.217532;700889;0;0;0;0;0;0;0;0
18:05:15.221553;700899;0;0;0;0;0;0;0;0
18:05:15.274232;700909;0;0;0;0;0;0;0;0
18:05:15.275997;700919;0;0;0;0;0;0;0;0
18:05:15.278727;700929;0;0;0;0;0;0;0;0
18:05:15.278727;700939;0;0;0;0;0;0;0;0
18:05:15.284700;700949;0;0;0;0;0;0;0;0
18:05:15.308433;700959;0;0;0;0;0;0;0;0
18:05:15.312861;700969;0;0;0;0;0;0;0;0
18:05:15.314687;700979;0;0;0;0;0;0;0;0
18:05:15.316413;700989;0;0;0;0;0;0;0;0
18:05:15.318419;700999;0;0;0;0;0;0;0;0
18:05:15.359288;701009;0;0;0;0;0;0;0;0
18:05:15.359288;701019;0;0;0;0;0;0;0;0
18:05:15.359288;701029;0;0;0;0;0;0;0;0
18:05:15.359288;701039;0;0;0;0;0;0;0;0
18:05:15.359288;701049;0;0;0;0;0;0;0;0
18:05:15.414658;701059;0;0;0;0;0;0;0;0
18:05:15.414658;701069;0;0;0;0;0;0;0;0
18:05:15.424023;701079;0;0;0;0;0;0;0;0
18:05:15.426304;701089;0;0;0;0;0;0;0;0
18:05:15.428391;701100;0;0;0;0;0;0;0;0
18:05:15.469571;701109;0;0;0;0;0;0;0;0
18:05:15.476250;701119;0;0;0;0;0;0;0;0
18:05:15.479106;701129;0;0;0;0;0;0;0;0
18:05:15.480408;701139;0;0;0;0;0;0;0;0
18:05:15.481420;701149;0;0;0;0;0;0;0;0
18:05:15.510938;701159;0;0;0;0;0;0;0;0
18:05:15.513327;701169;0;0;0;0;0;0;0;0
18:05:15.515369;701179;0;0;0;0;0;0;0;0
18:05:15.520249;701189;0;0;0;0;0;0;0;0
18:05:15.524050;701199;0;0;0;0;0;0;0;0
18:05:15.565264;701209;0;0;0;0;0;0;0;0
18:05:15.565264;701219;0;0;0;0;0;0;0;0
18:05:15.565264;701229;0;0;0;0;0;0;0;0
18:05:15.576357;701239;0;0;0;0;0;0;0;0
18:05:15.579443;701249;0;0;0;0;0;0;0;0
18:05:15.630730;701259;0;0;0;0;0;0;0;0
18:05:15.630730;701270;0;0;0;0;0;0;0;0
18:05:15.630730;701279;0;0;0;0;0;0;0;0
18:05:15.630730;701289;0;0;0;0;0;0;0;0
18:05:15.630730;701299;0;0;0;0;0;0;0;0
18:05:15.683451;701309;0;0;0;0;0;0;0;0
18:05:15.687305;701319;0;0;0;0;0;0;0;0
18:05:15.688340;701329;0;0;0;0;0;0;0;0
18:05:15.690369;701339;0;0;0;0;0;0;0;0
18:05:15.692653;701349;0;0;0;0;0;0;0;0
18:05:15.748248;701359;0;0;0;0;0;0;0;0
18:05:15.750400;701369;0;0;0;0;0;0;0;0
18:05:15.754339;701379;0;0;0;0;0;0;0;0
18:05:15.756346;701389;0;0;0;0;0;0;0;0
18:05:15.759132;701399;0;0;0;0;0;0;0;0
18:05:15.779380;701409;0;0;0;0;0;0;0;0
18:05:15.781456;701419;0;0;0;0;0;0;0;0
18:05:15.783123;701429;0;0;0;0;0;0;0;0
18:05:15.784858;701440;0;0;0;0;0;0;0;0
18:05:15.786899;701449;0;0;0;0;0;0;0;0
18:05:15.787910;701459;0;0;0;0;0;0;0;0
18:05:15.830347;701469;0;0;0;0;0;0;0;0
18:05:15.831374;701479;0;0;0;0;0;0;0;0
18:05:15.834341;701489;0;0;0;0;0;0;0;0
18:05:15.836378;701499;0;0;0;0;0;0;0;0
18:05:15.837422;701509;0;0;0;0;0;0;0;0
18:05:15.877286;701519;0;0;0;0;0;0;0;0
18:05:15.883460;701529;0;0;0;0;0;0;0;0
18:05:15.887578;701539;0;0;0;0;0;0;0;0
18:05:15.891356;701549;0;0;0;0;0;0;0;0
18:05:15.893894;701559;0;0;0;0;0;0;0;0
18:05:15.927355;701569;0;0;0;0;0;0;0;0
18:05:15.929518;701579;0;0;0;0;0;0;0;0
18:05:15.930590;701589;0;0;0;0;0;0;0;0
18:05:15.930590;701599;0;0;0;0;0;0;0;0
18:05:15.930590;701609;0;0;0;0;0;0;0;0
18:05:15.968301;701619;0;0;0;0;0;0;0;0
18:05:15.977089;701629;0;0;0;0;0;0;0;0
18:05:15.984339;701639;0;0;0;0;0;0;0;0
18:05:15.993750;701649;0;0;0;0;0;0;0;0
18:05:16.002703;701659;0;0;0;0;0;0;0;0
18:05:16.019558;701669;0;0;0;0;0;0;0;0
18:05:16.024770;701679;0;0;0;0;0;0;0;0
18:05:16.027113;701689;0;0;0;0;0;0;0;0
18:05:16.028157;701699;0;0;0;0;0;0;0;0
18:05:16.031054;701709;0;0;0;0;0;0;0;0
18:05:16.064469;701719;0;0;0;0;0;0;0;0
18:05:16.064469;701729;0;0;0;0;0;0;0;0
18:05:16.074022;701740;0;0;0;0;0;0;0;0
18:05:16.075531;701749;0;0;0;0;0;0;0;0
18:05:16.079332;701759;0;0;0;0;0;0;0;0
18:05:16.142576;701769;0;0;0;0;0;0;0;0
18:05:16.142576;701779;0;0;0;0;0;0;0;0
18:05:16.142576;701789;0;0;0;0;0;0;0;0
18:05:16.142576;701799;0;0;0;0;0;0;0;0
18:05:16.142576;701809;0;0;0;0;0;0;0;0
18:05:16.179024;701819;0;0;0;0;0;0;0;0
18:05:16.182368;701829;0;0;0;0;0;0;0;0
18:05:16.186172;701839;0;0;0;0;0;0;0;0
18:05:16.191293;701849;0;0;0;0;0;0;0;0
18:05:16.192206;701859;0;0;0;0;0;0;0;0
18:05:16.242633;701869;0;0;0;0;0;0;0;0
18:05:16.248258;701879;0;0;0;0;0;0;0;0
18:05:16.250262;701889;0;0;0;0;0;0;0;0
18:05:16.256442;701899;0;0;0;0;0;0;0;0
18:05:16.258889;701910;0;0;0;0;0;0;0;0
18:05:16.294118;701919;0;0;0;0;0;0;0;0
18:05:16.296491;701929;0;0;0;0;0;0;0;0
18:05:16.298580;701939;0;0;0;0;0;0;0;0
18:05:16.298580;701949;0;0;0;0;0;0;0;0
18:05:16.298580;701959;0;0;0;0;0;0;0;0
18:05:16.330974;701969;0;0;0;0;0;0;0;0
18:05:16.330974;701979;0;0;0;0;0;0;0;0
18:05:16.338369;701989;0;0;0;0;0;0;0;0
18:05:16.340458;701999;0;0;0;0;0;0;0;0
18:05:16.342610;702009;0;0;0;0;0;0;0;0
18:05:16.382740;702019;0;0;0;0;0;0;0;0
18:05:16.382740;702029;0;0;0;0;0;0;0;0
18:05:16.391111;702039;0;0;0;0;0;0;0;0
18:05:16.396598;702049;0;0;0;0;0;0;0;0
18:05:16.401670;702059;0;0;0;0;0;0;0;0
18:05:16.441308;702069;0;0;0;0;0;0;0;0
18:05:16.444184;702080;0;0;0;0;0;0;0;0
18:05:16.444184;702089;0;0;0;0;0;0;0;0
18:05:16.452622;702099;0;0;0;0;0;0;0;0
18:05:16.457972;702109;0;0;0;0;0;0;0;0
18:05:16.464237;702119;0;0;0;0;0;0;0;0
18:05:16.493448;702129;0;0;0;0;0;0;0;0
18:05:16.496119;702139;0;0;0;0;0;0;0;0
18:05:16.497463;702149;0;0;0;0;0;0;0;0
18:05:16.497463;702159;0;0;0;0;0;0;0;0
18:05:16.501395;702169;0;0;0;0;0;0;0;0
18:05:16.528393;702179;0;0;0;0;0;0;0;0
18:05:16.532915;702189;0;0;0;0;0;0;0;0
18:05:16.537082;702199;0;0;0;0;0;0;0;0
18:05:16.540751;702209;0;0;0;0;0;0;0;0
18:05:16.543946;702219;0;0;0;0;0;0;0;0
18:05:16.619786;702229;0;0;0;0;0;0;0;0
18:05:16.621793;702239;0;0;0;0;0;0;0;0
18:05:16.624602;702249;0;0;0;0;0;0;0;0
18:05:16.626145;702259;0;0;0;0;0;0;0;0
18:05:16.630766;702269;0;0;0;0;0;0;0;0
18:05:16.648289;702279;0;0;0;0;0;0;0;0
18:05:16.648289;702289;0;0;0;0;0;0;0;0
18:05:16.653384;702299;0;0;0;0;0;0;0;0
18:05:16.658371;702309;0;0;0;0;0;0;0;0
18:05:16.663956;702319;0;0;0;0;0;0;0;0
18:05:16.693219;702329;0;0;0;0;0;0;0;0
18:05:16.696361;702339;0;0;0;0;0;0;0;0
18:05:16.698374;702349;0;0;0;0;0;0;0;0
18:05:16.702675;702359;0;0;0;0;0;0;0;0
18:05:16.705506;702369;0;0;0;0;0;0;0;0
18:05:16.745090;702380;0;0;0;0;0;0;0;0
18:05:16.747928;702389;0;0;0;0;0;0;0;0
18:05:16.749538;702399;0;0;0;0;0;0;0;0
18:05:16.750551;702409;0;0;0;0;0;0;0;0
18:05:16.752602;702419;0;0;0;0;0;0;0;0
18:05:16.810133;702429;0;0;0;0;0;0;0;0
18:05:16.814440;702439;0;0;0;0;0;0;0;0
18:05:16.817767;702449;0;0;0;0;0;0;0;0
18:05:16.821280;702459;0;0;0;0;0;0;0;0
18:05:16.823335;702469;0;0;0;0;0;0;0;0
18:05:16.825355;702479;0;0;0;0;0;0;0;0
18:05:16.825355;702489;0;0;0;0;0;0;0;0
18:05:16.842662;702499;0;0;0;0;0;0;0;0
18:05:16.844729;702509;0;0;0;0;0;0;0;0
18:05:16.846806;702519;0;0;0;0;0;0;0;0
18:05:16.893446;702529;0;0;0;0;0;0;0;0
18:05:16.895599;702539;0;0;0;0;0;0;0;0
18:05:16.897761;702550;0;0;0;0;0;0;0;0
18:05:16.897761;702559;0;0;0;0;0;0;0;0
18:05:16.897761;702569;0;0;0;0;0;0;0;0
18:05:16.945170;702579;0;0;0;0;0;0;0;0
18:05:16.947266;702589;0;0;0;0;0;0;0;0
18:05:16.947266;702599;0;0;0;0;0;0;0;0
18:05:16.947266;702609;0;0;0;0;0;0;0;0
18:05:16.947266;702619;0;0;0;0;0;0;0;0
18:05:16.996527;702629;0;0;0;0;0;0;0;0
18:05:16.998672;702639;0;0;0;0;0;0;0;0
18:05:17.000726;702649;0;0;0;0;0;0;0;0
18:05:17.002780;702659;0;0;0;0;0;0;0;0
18:05:17.003847;702669;0;0;0;0;0;0;0;0
18:05:17.042901;702679;0;0;0;0;0;0;0;0
18:05:17.049727;702689;0;0;0;0;0;0;0;0
18:05:17.053746;702699;0;0;0;0;0;0;0;0
18:05:17.060250;702709;0;0;0;0;0;0;0;0
18:05:17.064429;702720;0;0;0;0;0;0;0;0
18:05:17.098507;702729;0;0;0;0;0;0;0;0
18:05:17.098507;702739;0;0;0;0;0;0;0;0
18:05:17.103702;702749;0;0;0;0;0;0;0;0
18:05:17.113741;702759;0;0;0;0;0;0;0;0
18:05:17.114815;702769;0;0;0;0;0;0;0;0
18:05:17.164298;702779;0;0;0;0;0;0;0;0
18:05:17.165327;702789;0;0;0;0;0;0;0;0
18:05:17.165327;702799;0;0;0;0;0;0;0;0
18:05:17.176294;702809;0;0;0;0;0;0;0;0
18:05:17.179828;702819;0;0;0;0;0;0;0;0
18:05:17.182896;702829;0;0;0;0;0;0;0;0
18:05:17.214103;702839;0;0;0;0;0;0;0;0
18:05:17.226195;702849;0;0;0;0;0;0;0;0
18:05:17.228538;702859;0;0;0;0;0;0;0;0
18:05:17.230501;702869;0;0;0;0;0;0;0;0
18:05:17.232922;702879;0;0;0;0;0;0;0;0
18:05:17.275705;702889;0;0;0;0;0;0;0;0
18:05:17.275705;702899;0;0;0;0;0;0;0;0
18:05:17.288383;702909;0;0;0;0;0;0;0;0
18:05:17.290435;702919;0;0;0;0;0;0;0;0
18:05:17.292518;702929;0;0;0;0;0;0;5;0
18:05:17.315770;702939;0;0;0;0;0;0;12;0
18:05:17.320853;702949;0;0;0;0;0;0;19;0
18:05:17.329648;702959;0;0;0;0;0;0;28;0
18:05:17.333466;702969;0;0;0;0;0;0;37;1
18:05:17.335498;702979;0;0;0;0;0;0;46;1
18:05:17.343760;702989;0;0;0;0;0;0;55;1
18:05:17.346603;702999;0;0;0;0;0;0;64;2
18:05:17.348557;703009;0;0;0;0;0;0;71;3
18:05:17.351576;703020;0;0;0;0;0;0;79;4
18:05:17.352909;703029;0;0;0;0;0;0;87;6
18:05:17.397877;703039;0;0;0;0;0;0;95;7
18:05:17.397877;703049;0;0;0;0;0;0;104;9
18:05:17.397877;703059;0;0;0;0;0;0;112;11
18:05:17.397877;703069;0;0;0;0;0;0;119;14
18:05:17.407333;703079;0;0;0;0;0;0;127;16
18:05:17.463810;703089;0;0;0;0;0;0;135;18
18:05:17.464823;703099;0;0;0;0;0;0;142;20
18:05:17.467650;703109;0;0;0;0;0;0;150;22
18:05:17.468662;703119;0;0;0;0;0;0;157;23
18:05:17.470716;703129;0;0;0;0;0;0;164;25
18:05:17.508482;703139;0;0;0;1;0;0;170;27
18:05:17.508482;703149;0;0;0;2;0;0;176;28
18:05:17.524938;703159;0;0;0;4;0;0;183;30
18:05:17.531083;703169;0;0;0;5;0;0;189;32
18:05:17.537349;703179;0;0;0;6;0;0;194;33
18:05:17.550460;703190;0;0;0;6;0;0;199;35
18:05:17.550460;703199;0;0;0;5;0;0;204;36
18:05:17.559036;703209;0;0;0;4;0;0;208;37
18:05:17.561781;703219;0;0;0;4;0;0;212;39
18:05:17.562800;703229;0;0;0;3;0;0;216;40
18:05:17.608602;703239;0;0;0;3;0;0;223;41
18:05:17.610583;703249;0;0;0;2;0;0;228;43
18:05:17.613448;703259;0;0;0;2;0;0;231;44
18:05:17.613812;703269;0;0;0;2;0;0;235;46
18:05:17.613812;703279;0;0;0;1;0;0;239;47
18:05:17.658928;703289;0;0;0;1;0;0;242;48
18:05:17.658928;703299;0;0;0;1;0;0;245;49
18:05:17.658928;703309;0;0;0;0;0;0;248;51
18:05:17.658928;703319;0;0;0;0;0;0;251;53
18:05:17.658928;703329;0;0;0;0;0;0;253;54
18:05:17.716514;703339;0;0;0;0;0;0;256;54
18:05:17.721560;703349;0;0;0;0;0;0;258;56
18:05:17.723969;703360;0;0;0;0;0;0;260;57
18:05:17.726138;703369;0;0;0;0;0;0;261;59
18:05:17.728226;703379;0;0;0;0;0;0;262;60
18:05:17.761340;703389;0;0;0;0;0;0;265;62
18:05:17.767081;703399;0;0;0;0;0;0;266;63
18:05:17.769094;703409;0;0;0;0;0;0;268;64
18:05:17.772573;703419;0;0;0;0;0;0;271;66
18:05:17.778570;703429;0;0;0;0;0;0;273;67
18:05:17.836117;703439;0;0;0;0;0;0;275;68
18:05:17.839019;703449;0;0;0;0;0;0;277;69
18:05:17.841068;703459;0;0;0;0;0;0;279;69
18:05:17.843574;703469;0;0;0;0;0;0;281;70
18:05:17.845741;703479;0;0;0;0;0;0;283;70
18:05:17.864489;703489;0;0;0;0;0;0;284;69
18:05:17.876951;703499;0;0;0;0;0;0;284;70
18:05:17.880046;703509;0;0;0;0;0;0;285;70
18:05:17.881073;703519;0;0;0;0;0;0;286;70
18:05:17.882824;703529;0;0;0;0;0;0;286;70
18:05:17.898784;703539;0;0;0;0;0;0;288;71
18:05:17.898784;703549;0;0;0;0;0;0;289;72
18:05:17.902997;703559;0;0;0;0;0;0;290;73
18:05:17.905086;703569;0;0;0;0;0;0;292;74
18:05:17.910621;703579;0;0;0;0;0;0;296;77
18:05:17.951313;703589;0;0;0;0;0;0;303;83
18:05:17.956462;703599;0;0;0;0;0;0;311;90
18:05:17.962202;703609;0;0;0;0;0;0;322;100
18:05:17.964254;703619;0;0;0;0;0;0;336;113
18:05:17.965267;703629;0;0;0;0;0;0;350;126
18:05:17.967328;703639;0;0;0;0;0;0;365;138
18:05:18.018682;703649;0;0;0;0;0;0;377;148
18:05:18.024054;703660;0;0;0;0;0;0;387;158
18:05:18.027460;703669;0;0;0;0;0;0;396;166
18:05:18.031914;703679;0;0;0;0;0;0;406;175
18:05:18.039129;703689;0;0;0;0;0;0;418;185
18:05:18.068827;703699;0;0;0;0;0;0;430;195
18:05:18.068827;703709;0;0;0;0;0;0;444;207
18:05:18.074095;703719;0;0;0;0;0;0;461;222
18:05:18.078292;703729;0;0;0;0;0;0;480;239
18:05:18.090881;703739;0;0;0;0;0;0;498;257
18:05:18.112738;703749;0;0;0;0;0;0;515;275
18:05:18.112738;703759;0;0;0;0;0;0;531;294
18:05:18.123098;703769;0;0;0;0;0;0;547;313
18:05:18.125998;703779;0;0;0;3;0;0;561;332
18:05:18.127063;703789;0;0;0;7;0;3;573;350
18:05:18.170897;703799;0;0;0;11;0;9;585;368
18:05:18.174036;703809;0;0;0;16;0;17;597;382
18:05:18.175731;703819;0;0;0;22;0;29;609;397
18:05:18.175731;703830;0;0;0;29;0;41;622;411
18:05:18.181120;703839;0;0;0;37;0;57;634;427
18:05:18.198497;703849;0;0;0;45;0;75;645;444
18:05:18.198497;703859;0;0;2;55;0;94;655;459
18:05:18.205902;703869;0;0;8;64;0;113;665;474
18:05:18.207960;703879;0;0;20;73;0;132;673;486
18:05:18.210282;703889;0;0;31;81;0;153;680;500
18:05:18.292118;703899;0;0;44;89;1;174;689;513
18:05:18.292118;703909;0;0;56;98;5;195;696;525
18:05:18.303339;703919;0;0;70;107;10;215;704;539
18:05:18.305355;703929;0;0;86;116;15;236;713;552
18:05:18.307409;703939;0;0;105;128;21;258;722;563
18:05:18.353305;703949;0;0;128;139;29;281;731;573
18:05:18.357490;703959;0;0;150;154;37;304;741;586
18:05:18.363739;703969;0;0;172;169;45;329;751;598
18:05:18.365768;703979;0;0;196;186;55;354;761;609
18:05:18.368592;703989;0;0;218;203;64;379;771;619
18:05:18.369627;704000;0;0;242;221;74;404;780;629
18:05:18.371668;704009;0;0;268;236;85;428;788;637
18:05:18.373713;704019;0;0;296;253;98;450;796;645
18:05:18.376146;704029;0;0;323;272;112;470;804;653
18:05:18.379242;704039;0;3;351;292;126;490;811;662
18:05:18.413354;704049;0;10;380;312;143;510;818;672
18:05:18.415949;704059;0;19;410;334;162;531;823;680
18:05:18.417015;704069;0;29;438;353;179;550;828;688
18:05:18.419122;704079;0;41;464;373;196;568;834;697
18:05:18.421226;704089;0;53;488;392;212;584;838;705
18:05:18.463486;704099;0;66;510;410;227;599;843;711
18:05:18.467624;704109;0;77;530;427;241;611;847;717
18:05:18.471713;704119;0;88;546;442;254;622;850;723
18:05:18.476158;704129;0;98;560;455;267;632;853;728
18:05:18.479253;704139;0;107;572;467;279;642;856;732
18:05:18.514461;704149;0;115;582;478;289;651;859;738
18:05:18.517326;704159;0;124;590;488;299;658;862;743
18:05:18.519378;704169;0;131;597;496;307;666;865;748
18:05:18.521407;704179;0;136;604;503;315;673;868;752
18:05:18.522439;704189;0;142;609;509;322;679;870;755
18:05:18.581325;704199;0;146;612;515;329;684;873;758
18:05:18.581325;704209;0;149;615;518;333;688;875;761
18:05:18.586556;704219;0;151;617;520;336;692;876;763
18:05:18.588688;704229;0;154;618;521;337;695;877;764
18:05:18.592095;704239;0;156;620;520;336;697;879;766
18:05:18.631988;704249;0;158;622;519;334;700;879;767
18:05:18.633026;704259;0;160;623;516;331;702;880;768
18:05:18.637209;704269;0;162;623;513;328;704;881;769
18:05:18.639331;704279;0;165;623;509;323;707;884;771
18:05:18.640827;704289;0;166;621;502;318;708;883;772
18:05:18.695506;704300;0;168;619;498;314;710;884;773
18:05:18.707197;704309;0;172;619;493;309;712;885;774
18:05:18.711105;704319;0;176;620;489;306;714;886;775
18:05:18.714576;704329;0;181;622;486;304;716;888;777
18:05:18.716636;704339;0;188;623;482;301;717;888;776
18:05:18.729435;704349;0;195;626;480;300;719;889;778
18:05:18.731971;704359;0;203;629;480;301;720;890;779
18:05:18.734019;704369;0;211;632;480;303;722;891;780
18:05:18.735048;704379;0;221;636;480;306;724;892;782
18:05:18.737102;704389;0;232;639;481;308;725;894;784
18:05:18.737102;704399;0;244;642;482;311;728;895;786
18:05:18.780687;704409;0;257;646;483;314;730;896;788
18:05:18.780687;704419;0;270;650;484;317;732;897;790
18:05:18.787911;704429;0;283;653;487;320;735;898;793
18:05:18.792939;704439;0;294;657;488;323;738;900;794
18:05:18.798987;704449;0;306;661;491;327;740;901;797
18:05:18.809075;704459;0;315;664;494;331;743;901;799
18:05:18.809075;704470;0;324;667;497;336;746;902;801
18:05:18.823536;704479;0;333;670;501;340;749;904;804
18:05:18.826188;704489;0;342;673;505;344;752;905;807
18:05:18.829579;704499;0;351;676;511;348;756;906;810
18:05:18.862633;704509;0;362;680;517;351;760;907;812
18:05:18.875014;704519;0;372;683;522;355;763;909;815
18:05:18.877548;704529;0;384;686;526;359;766;910;817
18:05:18.879548;704539;0;396;689;531;362;770;911;820
18:05:18.880851;704549;0;407;691;535;365;773;912;821
18:05:18.928897;704559;0;418;694;537;368;775;913;823
18:05:18.928897;704569;0;430;697;541;370;777;914;827
18:05:18.939509;704579;0;439;699;542;372;777;914;827
18:05:18.942646;704589;0;449;700;544;375;778;914;829
18:05:18.945706;704599;0;458;701;545;376;778;915;831
18:05:18.977504;704609;0;465;700;545;376;777;915;833
18:05:18.979953;704619;0;470;700;544;377;776;915;834
18:05:18.982482;704629;0;474;697;541;377;774;916;835
18:05:18.984493;704640;0;475;696;539;378;772;916;836
18:05:18.985529;704649;0;475;693;537;378;769;916;837
18:05:19.025554;704659;0;474;691;535;379;766;917;838
18:05:19.035036;704669;0;473;689;533;380;762;917;839
18:05:19.038650;704679;0;470;687;531;381;759;917;839
18:05:19.040680;704689;0;467;685;529;382;757;917;840
18:05:19.045118;704699;0;465;683;527;382;756;917;841
18:05:19.080700;704709;0;464;681;524;383;755;917;841
18:05:19.081716;704719;0;465;680;523;383;755;918;841
18:05:19.081716;704729;0;468;681;523;384;755;918;842
18:05:19.081716;704739;0;473;681;522;385;755;918;842
18:05:19.081716;704749;0;480;683;523;387;756;918;843
18:05:19.112447;704759;0;489;686;523;389;757;918;843
18:05:19.112447;704769;0;503;690;525;391;759;918;844
18:05:19.125459;704779;0;522;695;527;394;760;917;844
18:05:19.127893;704789;0;540;699;529;396;761;917;843
18:05:19.128927;704799;0;559;703;530;399;762;916;843
18:05:19.175776;704809;0;577;708;531;402;764;915;842
18:05:19.175776;704819;0;596;713;533;405;765;914;842
18:05:19.191830;704829;0;613;718;534;409;767;913;841
18:05:19.197946;704839;0;630;724;536;414;768;912;840
18:05:19.202634;704849;0;648;730;538;419;768;911;840
18:05:19.225139;704859;0;665;738;541;424;766;909;838
18:05:19.228339;704869;0;684;746;547;432;762;907;836
18:05:19.230370;704879;10;700;755;552;439;756;904;832
18:05:19.231381;704889;28;719;765;558;446;748;899;827
18:05:19.237984;704899;54;737;776;563;455;740;896;821
18:05:19.293633;704909;88;755;786;569;464;731;893;816
18:05:19.301931;704919;127;772;795;574;472;722;890;810
18:05:19.305371;704929;167;786;802;580;481;711;885;803
18:05:19.306381;704940;205;799;809;585;489;698;880;795
18:05:19.310213;704949;242;810;817;592;497;683;874;786
18:05:19.314511;704959;277;818;822;597;504;668;865;775
18:05:19.314511;704969;309;825;827;606;511;648;855;763
18:05:19.323918;704979;342;829;830;615;518;620;841;749
18:05:19.325632;704989;376;833;833;624;523;583;823;734
18:05:19.329590;704999;408;836;836;632;526;536;795;713
18:05:19.373988;705009;438;838;839;640;525;484;755;684
18:05:19.376650;705019;468;841;841;647;516;437;702;645
18:05:19.379763;705029;495;842;842;650;498;394;641;599
18:05:19.380326;705039;519;842;843;651;473;356;579;550
18:05:19.380326;705049;540;842;844;646;440;321;523;501
18:05:19.431064;705059;556;839;843;632;400;290;472;457
18:05:19.431064;705069;570;835;841;616;362;262;426;417
18:05:19.436380;705079;578;827;829;592;327;237;385;380
18:05:19.438433;705089;583;816;812;557;296;214;349;345
18:05:19.440556;705099;583;800;792;508;267;194;321;314
18:05:19.498361;705110;577;773;763;459;242;175;300;286
18:05:19.498361;705119;559;732;721;414;219;158;284;262
18:05:19.498361;705129;534;679;673;375;198;143;273;243
18:05:19.507331;705139;503;618;624;339;179;130;265;234
18:05:19.509791;705149;462;559;573;307;162;117;262;233
18:05:19.530098;705159;418;504;523;277;147;106;260;235
18:05:19.535185;705169;377;456;472;251;133;96;262;235
18:05:19.540233;705179;341;412;427;227;120;87;265;235
18:05:19.545700;705189;308;373;386;206;109;79;269;234
18:05:19.550550;705199;279;337;349;186;99;71;273;233
18:05:19.553631;705209;253;305;316;169;89;65;279;231
18:05:19.581254;705219;229;276;286;153;81;58;286;229
18:05:19.581254;705229;207;250;259;138;73;54;294;228
18:05:19.587202;705239;188;226;234;125;66;48;300;228
18:05:19.589314;705249;170;205;212;113;60;43;308;228
18:05:19.594366;705259;154;185;192;102;54;39;316;227
18:05:19.642320;705269;139;168;174;92;49;36;325;225
18:05:19.642320;705280;126;152;159;84;45;32;333;224
18:05:19.648840;705289;113;138;144;76;40;29;338;222
18:05:19.648840;705299;103;125;132;68;36;26;343;220
18:05:19.648840;705309;93;114;120;62;33;24;347;217
18:05:19.677730;705319;84;103;108;56;30;22;350;213
18:05:19.677730;705329;76;94;98;51;27;20;352;210
18:05:19.684484;705339;69;84;89;45;24;18;355;206
18:05:19.686532;705349;62;76;80;41;22;16;358;202
18:05:19.688564;705359;56;69;72;37;20;14;360;198
18:05:19.726949;705369;51;62;66;34;18;13;361;193
18:05:19.726949;705379;46;57;60;30;16;12;361;190
18:05:19.736881;705389;42;51;55;28;14;11;359;183
18:05:19.738949;705399;38;46;51;24;13;10;356;177
18:05:19.740994;705409;34;41;46;22;12;9;350;170
18:05:19.779168;705419;31;38;42;20;10;8;340;162
18:05:19.790569;705429;28;34;36;19;9;7;329;152
18:05:19.793185;705439;25;31;34;16;8;6;316;142
18:05:19.795216;705449;23;28;30;15;7;6;301;133
18:05:19.797763;705459;21;25;28;13;6;5;286;123
18:05:19.830827;705469;18;23;24;13;5;4;272;114
18:05:19.832864;705479;17;21;22;11;5;4;258;105
18:05:19.832864;705489;15;19;21;10;4;3;246;97
18:05:19.832864;705499;13;17;18;10;3;3;235;90
18:05:19.837743;705509;12;15;16;9;3;2;224;84
18:05:19.875382;705519;11;14;15;8;2;2;214;79
18:05:19.875382;705529;10;13;13;7;2;2;203;74
18:05:19.886842;705539;9;11;12;6;2;1;193;69
18:05:19.890984;705549;8;10;11;6;2;1;182;65
18:05:19.895849;705559;7;9;10;4;2;1;171;61
18:05:19.943402;705569;6;8;9;3;2;0;160;57
18:05:19.945520;705580;5;7;8;3;2;0;152;55
18:05:19.947529;705589;5;7;7;3;2;0;147;52
18:05:19.948540;705599;4;6;7;2;2;0;144;51
18:05:19.952442;705609;4;5;6;2;1;0;144;49
18:05:19.995426;705619;3;4;5;1;1;0;152;51
18:05:19.997457;705629;3;4;5;1;0;0;181;66
18:05:19.997457;705639;2;4;4;3;0;0;242;104
18:05:19.997457;705649;2;3;3;1;0;1;332;160
18:05:20.009680;705659;2;3;3;1;0;6;442;231
18:05:20.030945;705669;1;2;3;1;0;43;601;337
18:05:20.030945;705679;1;2;13;0;0;130;760;469
18:05:20.030945;705689;1;2;15;0;0;245;838;573
18:05:20.030945;705699;1;2;35;0;0;362;876;660
18:05:20.030945;705709;0;1;60;0;0;456;893;722
18:05:20.090591;705719;0;1;84;0;0;529;902;770
18:05:20.095628;705729;0;1;130;4;13;584;906;805
18:05:20.101471;705739;0;1;200;31;51;629;908;827
18:05:20.101471;705750;0;0;279;81;101;665;909;841
18:05:20.105835;705759;0;12;357;145;151;694;911;850
18:05:20.133712;705769;0;52;429;205;195;717;912;856
18:05:20.143558;705779;0;112;495;255;233;735;913;861
18:05:20.146360;705789;0;179;549;296;263;747;914;863
18:05:20.148650;705799;0;242;591;327;288;756;915;865
18:05:20.159270;705809;0;298;623;352;309;761;915;867
18:05:20.193359;705819;0;344;649;372;328;761;915;868
18:05:20.197557;705829;0;380;668;390;348;759;915;869
18:05:20.198762;705839;0;407;684;406;368;752;916;871
18:05:20.198762;705849;0;424;696;425;390;743;914;872
18:05:20.204627;705859;0;434;707;446;414;732;912;871
18:05:20.247024;705869;0;438;717;473;442;717;911;872
18:05:20.250248;705879;0;435;727;501;474;700;909;871
18:05:20.252397;705889;0;429;737;529;506;683;908;872
18:05:20.254539;705899;0;420;745;556;536;665;905;870
18:05:20.255612;705909;0;410;753;582;564;650;903;870
18:05:20.290751;705920;0;400;760;605;589;637;901;868
18:05:20.293782;705929;0;391;765;625;610;628;900;867
18:05:20.297088;705939;0;383;771;643;628;620;898;865
18:05:20.298157;705949;0;376;776;659;644;614;897;864
18:05:20.302168;705959;0;369;781;674;658;609;895;862
18:05:20.304333;705969;0;362;785;685;668;605;893;860
18:05:20.344600;705979;0;357;789;695;677;601;891;858
18:05:20.347653;705989;0;353;792;705;686;598;889;856
18:05:20.354106;705999;0;351;796;711;690;597;887;854
18:05:20.356151;706009;0;349;798;717;694;597;886;852
18:05:20.358269;706019;0;348;801;721;697;598;886;851
18:05:20.393206;706029;0;348;803;724;698;600;886;850
18:05:20.396377;706039;0;348;805;726;700;603;886;849
18:05:20.397468;706049;0;351;807;727;699;605;886;848
18:05:20.404477;706059;0;356;809;728;698;608;885;848
18:05:20.410647;706069;0;366;811;729;697;610;885;847
18:05:20.476077;706079;0;379;813;731;695;613;884;846
18:05:20.483522;706089;0;396;815;733;694;618;883;845
18:05:20.486538;706099;0;418;817;735;693;625;883;842
18:05:20.493809;706109;0;449;820;738;689;630;881;840
18:05:20.498539;706119;0;488;823;740;686;637;880;838
18:05:20.501609;706129;0;533;827;740;682;645;877;835
18:05:20.501609;706139;0;581;831;742;679;652;874;831
18:05:20.506082;706149;0;628;837;746;678;659;872;827
18:05:20.508166;706159;0;673;841;749;677;660;865;819
18:05:20.511891;706169;0;713;850;755;680;658;859;810
18:05:20.557869;706179;0;743;854;761;683;648;846;798
18:05:20.560543;706189;1;770;860;766;688;633;832;782
18:05:20.563278;706199;19;790;866;772;694;611;813;763
18:05:20.564313;706209;57;808;871;776;700;581;780;738
18:05:20.566357;706220;105;822;875;780;705;539;736;705
18:05:20.590778;706229;158;833;879;784;708;488;680;658
18:05:20.594838;706239;213;842;883;788;707;440;616;605
18:05:20.596936;706249;270;849;885;793;701;397;556;551
18:05:20.598004;706259;324;854;889;797;690;358;502;499
18:05:20.602053;706269;378;859;891;801;674;323;455;450
18:05:20.642381;706279;426;861;894;806;650;292;416;407
18:05:20.642381;706289;469;862;895;810;620;264;379;369
18:05:20.647702;706299;504;862;897;812;582;238;348;333
18:05:20.649748;706309;531;860;898;813;529;215;321;301
18:05:20.651789;706319;554;856;898;809;478;195;299;272
18:05:20.709131;706329;572;850;897;791;432;176;279;246
18:05:20.709131;706339;585;838;893;764;391;159;262;223
18:05:20.713670;706349;592;823;884;727;353;144;244;202
18:05:20.715714;706359;593;803;871;680;320;130;223;183
18:05:20.717754;706369;582;769;852;630;290;117;201;166
18:05:20.742432;706379;545;727;824;579;262;106;182;150
18:05:20.744895;706390;495;677;787;530;237;96;165;136
18:05:20.747016;706399;447;616;743;482;215;87;149;123
18:05:20.747016;706409;404;557;696;437;194;79;135;112
18:05:20.753574;706419;364;503;639;396;176;71;122;101
18:05:20.825834;706429;330;454;578;358;160;64;113;92
18:05:20.825834;706439;298;411;522;325;144;58;118;83
18:05:20.825834;706449;270;371;472;294;131;52;132;76
18:05:20.832163;706459;244;336;427;266;118;48;146;71
18:05:20.834205;706469;220;304;386;241;107;43;157;67
18:05:20.845696;706479;200;275;350;217;97;38;167;65
18:05:20.847920;706489;180;249;316;197;88;35;176;62
18:05:20.849749;706499;163;226;286;178;80;32;182;59
18:05:20.851792;706509;148;204;259;162;73;28;186;55
18:05:20.853819;706519;134;185;235;146;66;26;190;51
18:05:20.905598;706529;121;168;213;132;61;23;195;48
18:05:20.907225;706539;109;152;193;120;54;21;199;45
18:05:20.910096;706549;99;137;175;108;49;18;203;42
18:05:20.912152;706560;89;124;158;98;45;17;208;40
18:05:20.914193;706569;81;112;144;88;41;15;212;37
18:05:20.945741;706579;74;102;130;80;37;14;215;35
18:05:20.952102;706589;67;92;118;73;33;13;217;32
18:05:20.955564;706599;60;83;107;66;31;12;217;29
18:05:20.961566;706609;54;76;97;60;27;11;215;27
18:05:20.963629;706619;49;69;88;54;24;11;212;24
18:05:21.000015;706629;44;62;80;49;22;10;207;22
18:05:21.004241;706639;40;56;75;44;20;8;200;20
18:05:21.008915;706649;36;51;71;40;18;8;192;18
18:05:21.011364;706659;33;46;74;36;16;6;184;16
18:05:21.012441;706669;30;42;81;33;15;6;175;14
18:05:21.015016;706679;27;38;94;30;13;5;165;13
18:05:21.062364;706689;24;34;116;27;12;4;152;12
18:05:21.064359;706699;22;31;143;24;11;4;138;10
18:05:21.065987;706709;20;28;173;22;10;3;124;9
18:05:21.068040;706719;18;25;203;20;9;3;112;8
18:05:21.069094;706729;16;23;230;18;8;2;101;8
18:05:21.096831;706739;14;21;255;16;7;2;91;7
18:05:21.099324;706749;13;19;277;14;6;2;83;6
18:05:21.100358;706759;12;17;293;13;5;2;74;6
18:05:21.102394;706769;10;15;308;11;5;1;67;6
18:05:21.104436;706779;9;14;320;11;4;1;60;6
18:05:21.143525;706789;8;12;333;10;4;1;54;5
18:05:21.143525;706799;7;11;344;8;3;1;49;5
18:05:21.151772;706809;7;10;355;7;3;1;44;5
18:05:21.153809;706819;6;9;364;7;2;0;40;4
18:05:21.155848;706829;5;8;374;6;2;0;36;3
18:05:21.192432;706839;4;7;383;6;2;0;33;3
18:05:21.211641;706849;4;7;391;5;1;0;30;2
18:05:21.214873;706860;3;6;397;4;1;0;33;2
18:05:21.219454;706869;3;5;397;4;1;0;80;21
18:05:21.221546;706879;3;4;392;3;1;0;170;73
18:05:21.258792;706889;2;4;386;3;1;0;320;175
18:05:21.264078;706899;2;3;389;3;0;51;581;373
18:05:21.264078;706909;1;3;374;2;0;182;764;550
18:05:21.270077;706919;1;3;355;2;0;325;847;662
18:05:21.272005;706929;1;2;353;1;0;440;882;730
18:05:21.300473;706939;1;2;355;1;0;525;896;774
18:05:21.302214;706949;0;2;376;1;0;591;903;802
18:05:21.307872;706959;0;1;418;8;12;646;906;821
18:05:21.313332;706969;0;1;469;35;43;687;910;834
18:05:21.316347;706979;0;19;523;75;81;719;912;843
18:05:21.361351;706989;0;86;582;119;119;742;914;848
18:05:21.363921;706999;0;185;635;163;153;758;915;853
18:05:21.365547;707009;0;292;678;201;183;770;916;857
18:05:21.367590;707019;0;389;714;235;209;778;917;860
18:05:21.368598;707030;0;474;741;266;234;782;917;862
18:05:21.413748;707039;0;543;762;293;258;785;917;864
18:05:21.423911;707049;0;596;777;319;281;786;917;866
18:05:21.428927;707059;0;635;788;342;304;785;918;867
18:05:21.433273;707069;0;664;797;363;329;784;918;868
18:05:21.438029;707079;0;684;803;383;355;781;917;870
18:05:21.457181;707089;0;697;808;402;383;776;917;870
18:05:21.460716;707099;0;705;812;420;410;771;916;871
18:05:21.463341;707109;0;709;814;437;436;763;915;871
18:05:21.464620;707119;0;709;816;454;461;755;914;871
18:05:21.464620;707129;0;707;818;470;484;747;913;870
18:05:21.511313;707139;0;702;820;484;505;738;912;869
18:05:21.513287;707149;0;695;821;498;525;730;910;868
18:05:21.514570;707159;0;687;822;511;543;721;909;866
18:05:21.514570;707169;0;680;823;524;558;714;907;865
18:05:21.514570;707179;0;673;825;535;573;706;905;863
18:05:21.558141;707189;0;666;825;547;585;698;904;861
18:05:21.560986;707200;0;659;827;559;596;689;902;859
18:05:21.563035;707209;0;654;829;572;605;681;900;857
18:05:21.565558;707219;0;651;831;584;613;673;898;855
18:05:21.566591;707229;0;650;832;596;620;666;896;852
18:05:21.612941;707239;0;650;834;607;628;660;894;850
18:05:21.617594;707249;0;650;837;619;637;655;893;849
18:05:21.620691;707259;0;653;839;629;643;650;888;846
18:05:21.625815;707269;0;656;842;640;650;645;885;843
18:05:21.627825;707279;0;661;844;652;656;641;883;840
18:05:21.642058;707289;0;669;847;664;662;638;880;836
18:05:21.642058;707299;0;678;849;677;668;634;877;832
18:05:21.658861;707309;0;690;852;689;673;630;873;828
18:05:21.661041;707319;0;703;855;702;677;625;870;822
18:05:21.662047;707329;0;718;859;714;682;619;865;816
18:05:21.726830;707339;0;733;863;726;687;611;859;809
18:05:21.727268;707349;0;748;867;738;694;598;851;800
18:05:21.731977;707359;0;762;871;748;701;581;840;788
18:05:21.731977;707369;0;775;875;758;708;559;823;773
18:05:21.738233;707379;0;787;879;769;714;528;796;754
18:05:21.748921;707389;0;798;882;778;720;486;759;730
18:05:21.757373;707399;0;808;885;786;726;439;715;695
18:05:21.759552;707409;0;816;888;793;729;396;659;649
18:05:21.759552;707419;10;823;891;799;730;358;597;598
18:05:21.766687;707429;39;829;893;805;728;323;539;544
18:05:21.808491;707439;76;833;895;809;721;291;486;491
18:05:21.811905;707449;122;837;896;814;710;263;439;443
18:05:21.813993;707459;174;840;899;818;694;238;397;400
18:05:21.815059;707469;226;843;900;823;671;215;361;362
18:05:21.819477;707479;274;843;902;825;644;195;332;327
18:05:21.822629;707489;316;843;902;827;611;177;309;296
18:05:21.863667;707500;348;840;903;827;564;158;293;268
18:05:21.866167;707509;369;837;903;827;510;143;283;242
18:05:21.867227;707519;382;829;903;822;461;129;279;219
18:05:21.869324;707529;385;815;902;806;417;117;279;198
18:05:21.871420;707539;380;796;899;785;376;106;281;180
18:05:21.911315;707549;363;769;892;756;340;96;283;163
18:05:21.911315;707559;332;735;883;713;308;87;282;147
18:05:21.918352;707569;299;696;871;664;279;79;277;134
18:05:21.920457;707579;270;653;854;616;252;72;260;121
18:05:21.922545;707589;244;605;833;571;229;65;235;110
18:05:21.959927;707599;220;549;802;531;207;59;212;99
18:05:21.962783;707609;199;496;765;492;188;53;191;90
18:05:21.964087;707619;180;448;725;455;170;48;173;81
18:05:21.965137;707629;162;405;670;417;154;43;157;74
18:05:21.965137;707639;147;367;608;380;140;39;142;67
18:05:22.009129;707649;133;332;549;344;126;35;139;60
18:05:22.009129;707659;120;300;497;311;115;32;149;55
18:05:22.018570;707670;108;272;449;282;104;28;156;50
18:05:22.024412;707679;98;246;406;255;94;26;163;45
18:05:22.028815;707689;88;223;367;231;85;23;170;41
18:05:22.064469;707699;80;202;333;209;77;21;178;38
18:05:22.064469;707709;72;183;301;189;70;19;188;34
18:05:22.073751;707719;66;165;273;171;63;17;198;31
18:05:22.075894;707729;59;150;247;155;57;16;209;29
18:05:22.079565;707739;53;135;224;141;52;14;221;27
18:05:22.125854;707749;48;123;209;127;47;13;231;24
18:05:22.141534;707759;44;111;201;115;43;12;240;22
18:05:22.146539;707769;40;101;199;104;39;10;246;20
18:05:22.153885;707779;36;91;201;94;35;9;251;18
18:05:22.160625;707789;32;83;205;86;32;8;256;16
18:05:22.177264;707799;29;75;210;78;28;7;259;14
18:05:22.179307;707809;26;68;214;70;26;7;262;13
18:05:22.181357;707819;23;61;218;63;23;7;265;12
18:05:22.182973;707829;21;56;223;57;21;5;266;10
18:05:22.185017;707840;19;50;229;52;19;5;265;10
18:05:22.268432;707849;17;46;235;47;17;4;262;9
18:05:22.268432;707859;16;41;243;43;16;4;259;8
18:05:22.268432;707869;14;38;252;39;14;3;254;7
18:05:22.275565;707879;12;34;262;35;13;3;246;7
18:05:22.275565;707889;11;31;272;31;11;3;234;6
18:05:22.279664;707899;10;28;282;29;10;2;220;5
18:05:22.281702;707909;9;25;292;26;9;2;205;5
18:05:22.283759;707919;8;23;301;23;8;2;189;4
18:05:22.283759;707929;7;20;308;21;7;1;172;4
18:05:22.287189;707939;6;19;313;19;6;1;155;4
18:05:22.325583;707949;5;17;318;17;6;1;140;3
18:05:22.325583;707959;4;15;325;15;5;1;126;3
18:05:22.334467;707969;4;13;334;14;4;0;114;3
18:05:22.334467;707979;3;12;345;12;4;0;103;2
18:05:22.334467;707989;3;11;357;11;4;0;93;2
18:05:22.361880;707999;2;10;367;10;4;0;84;2
18:05:22.363914;708009;2;9;376;9;3;0;76;1
18:05:22.365805;708019;2;8;384;8;2;0;69;1
18:05:22.366818;708029;1;7;390;7;2;0;64;1
18:05:22.368868;708039;0;6;391;7;2;0;77;1
18:05:22.414407;708049;0;5;387;5;1;0;128;9
18:05:22.414407;708059;0;5;378;5;1;0;208;43
18:05:22.414407;708069;0;4;363;5;1;0;327;109
18:05:22.414407;708079;1;4;348;4;0;12;502;235
18:05:22.423822;708089;1;3;351;3;0;95;711;420
18:05:22.477552;708099;1;3;347;3;0;220;820;565
18:05:22.477552;708109;0;2;344;3;0;342;871;663
18:05:22.477552;708119;1;2;345;2;0;436;890;723
18:05:22.477552;708129;0;2;350;2;0;509;900;766
18:05:22.492044;708140;0;1;371;2;3;567;905;797
18:05:22.528218;708149;0;1;410;1;34;613;908;817
18:05:22.530667;708159;0;1;459;11;83;651;910;830
18:05:22.531487;708169;0;9;512;42;137;682;912;840
18:05:22.531487;708179;0;54;563;88;191;706;914;846
18:05:22.531487;708189;0;132;613;137;242;726;915;851
18:05:22.598280;708199;0;229;658;190;288;742;916;855
18:05:22.599589;708209;0;327;696;242;329;754;917;858
18:05:22.599589;708219;0;418;726;291;365;762;918;860
18:05:22.599589;708229;0;497;750;338;398;768;918;861
18:05:22.607274;708239;0;561;769;383;426;772;918;862
18:05:22.630205;708249;0;610;785;423;452;774;918;863
18:05:22.630205;708259;0;647;796;460;476;775;917;864
18:05:22.642083;708269;0;677;806;494;498;776;916;863
18:05:22.644657;708279;0;701;813;523;519;775;916;863
18:05:22.647200;708289;0;720;820;546;536;775;915;862
18:05:22.648220;708299;0;736;824;567;551;775;913;861
18:05:22.681463;708310;0;748;828;586;563;774;911;858
18:05:22.681463;708319;0;759;831;603;572;772;910;856
18:05:22.681463;708329;0;768;833;619;581;770;907;853
18:05:22.695678;708339;0;776;837;633;588;766;904;849
18:05:22.698797;708349;0;782;839;646;595;762;901;844
18:05:22.740652;708359;0;788;841;659;600;756;896;840
18:05:22.744952;708369;0;792;844;670;607;749;891;835
18:05:22.746951;708379;0;795;846;680;614;741;887;829
18:05:22.753631;708389;0;798;848;691;620;732;881;822
18:05:22.759091;708399;0;800;850;702;627;722;875;815
18:05:22.790490;708409;0;803;853;710;633;711;868;806
18:05:22.794079;708419;0;805;855;718;639;699;860;795
18:05:22.796112;708429;0;808;857;724;644;687;851;783
18:05:22.798143;708439;0;811;859;731;648;675;843;769
18:05:22.798143;708449;0;814;862;738;652;661;833;754
18:05:24.281307;708459;718;791;877;677;260;94;135;118
18:05:24.285439;708469;697;765;865;626;235;85;122;107
18:05:24.289108;708479;658;734;847;577;213;77;111;97
18:05:24.331708;708489;603;694;823;532;193;70;100;88
18:05:24.334773;708499;544;645;792;488;175;63;91;80
18:05:24.342826;708509;492;590;754;446;159;57;82;72
18:05:24.345713;708519;444;534;709;406;143;52;75;67
18:05:24.347753;708529;402;482;656;367;130;47;67;60
18:05:24.394478;708539;363;436;597;333;118;42;61;54
18:05:24.396939;708549;329;394;540;301;107;38;56;49
18:05:24.398200;708559;297;356;488;272;96;35;60;44
18:05:24.398200;708569;269;323;442;246;87;31;62;40
18:05:24.398200;708579;243;291;400;223;79;28;67;37
18:05:24.481920;708589;221;263;362;202;72;26;76;33
18:05:24.490645;708599;200;238;328;183;65;23;84;30
18:05:24.494585;708609;181;216;296;166;59;21;92;27
18:05:24.496987;708619;164;196;269;150;53;19;102;25
18:05:24.498502;708629;148;177;244;136;48;17;112;22
18:05:24.498502;708639;134;161;220;123;43;16;122;20
18:05:24.498502;708649;122;145;199;111;39;14;131;19
18:05:24.498502;708659;111;132;181;101;36;13;140;18
18:05:24.507729;708669;100;119;164;92;32;11;147;17
18:05:24.511143;708679;90;108;148;83;29;10;154;16
18:05:24.543982;708689;82;98;136;75;26;9;161;15
18:05:24.546035;708699;74;89;123;69;24;8;168;14
18:05:24.547044;708709;67;80;115;62;21;7;173;14
18:05:24.552062;708719;61;73;111;56;19;6;178;13
18:05:24.561460;708729;55;66;109;51;17;5;181;11
18:05:24.593549;708739;50;60;109;46;15;5;183;10
18:05:24.610692;708749;45;54;110;42;14;4;185;9
18:05:24.613889;708759;41;49;113;38;13;4;185;8
18:05:24.616644;708769;37;44;117;33;13;3;184;8
18:05:24.618750;708779;33;40;124;31;12;3;180;7
18:05:24.645061;708789;30;37;133;28;11;2;175;6
18:05:24.645061;708799;27;33;142;25;9;2;167;6
18:05:24.650938;708809;25;30;151;22;8;1;159;5
18:05:24.654130;708819;22;27;159;20;7;2;149;5
18:05:24.655086;708829;20;24;165;18;6;1;138;4
18:05:24.749633;708839;18;22;171;17;5;2;126;4
18:05:24.750919;708849;16;20;179;15;4;2;113;3
18:05:24.754498;708859;15;18;187;15;4;1;103;3
18:05:24.756601;708869;13;16;197;12;4;1;92;2
18:05:24.759315;708879;12;15;207;11;3;2;84;2
18:05:24.766640;708889;11;13;218;10;3;1;76;2
18:05:24.778724;708899;10;12;229;9;2;1;69;1
18:05:24.786756;708909;9;11;239;8;2;0;63;1
18:05:24.797582;708919;8;10;250;7;2;0;59;1
18:05:24.801603;708929;7;9;260;6;1;1;58;1
18:05:24.810500;708939;6;8;272;5;2;0;57;1
18:05:24.817461;708949;5;7;283;5;1;0;59;0
18:05:24.821690;708959;5;6;293;5;1;0;70;0
18:05:24.828604;708969;5;6;300;4;1;0;105;3
18:05:24.831730;708979;4;5;304;4;0;0;179;28
18:05:24.836151;708989;3;5;300;3;0;0;307;80
18:05:24.842039;708999;3;4;291;3;0;21;472;161
18:05:24.846948;709009;2;4;294;2;0;77;669;278
18:05:24.847960;709019;2;4;305;2;0;152;796;403
18:05:24.850010;709029;2;3;300;2;0;251;855;507
18:05:24.852507;709039;2;2;307;1;0;349;881;594
18:05:24.893021;709049;1;2;313;1;0;427;891;657
18:05:24.894475;709059;1;2;322;1;0;493;896;707
18:05:24.897072;709069;1;2;337;1;0;548;900;747
18:05:24.898349;709079;1;1;370;0;4;590;904;780
18:05:24.900540;709089;0;1;416;2;35;622;905;803
18:05:24.960900;709099;0;1;467;25;78;648;906;818
18:05:24.962954;709109;0;8;513;66;124;671;908;830
18:05:24.965110;709119;0;51;560;113;165;693;910;837
18:05:24.965110;709129;0;123;604;161;202;713;912;842
18:05:24.965110;709139;0;204;643;207;234;728;914;846
18:05:25.030837;709149;0;289;677;250;266;741;915;850
18:05:25.030837;709159;0;369;705;292;294;750;916;852
18:05:25.035831;709169;0;442;727;332;322;756;917;854
18:05:25.035831;709179;0;503;746;369;350;761;918;856
18:05:25.042879;709189;0;554;760;408;377;763;918;858
18:05:25.079796;709199;0;594;772;446;404;765;918;860
18:05:25.081856;709209;0;627;783;480;431;766;918;861
18:05:25.081856;709219;0;655;791;512;458;767;918;862
18:05:25.081856;709229;0;677;797;539;480;767;918;862
18:05:25.081856;709239;0;697;802;562;500;767;917;862
18:05:25.109317;709249;0;713;807;582;517;768;917;862
18:05:25.116867;709259;0;729;811;600;530;768;916;861
18:05:25.121884;709269;0;743;815;614;541;769;915;860
18:05:25.125003;709279;0;756;819;627;550;769;914;859
18:05:25.126079;709289;0;766;822;638;557;769;913;858
18:05:25.165376;709299;0;776;826;647;564;767;911;855
18:05:25.165376;709309;0;783;829;656;569;765;909;852
18:05:25.169609;709319;0;789;832;665;574;761;907;849
18:05:25.169609;709329;0;794;835;672;580;756;903;845
18:05:25.173548;709339;0;798;838;678;585;751;900;841
18:05:25.198192;709349;0;802;840;684;590;745;895;836
18:05:25.198192;709359;5;805;843;689;594;738;891;831
18:05:25.204554;709369;18;808;845;695;598;730;886;826
18:05:25.206607;709379;35;811;847;700;602;721;880;818
18:05:25.208662;709389;60;815;850;706;606;712;874;811
18:05:25.258941;709399;90;819;852;712;610;702;867;802
18:05:25.263125;709409;128;822;855;719;614;693;860;792
18:05:25.265222;709419;172;826;858;725;618;685;852;781
18:05:25.267275;709429;217;830;861;730;621;678;843;768
18:05:25.267275;709439;268;834;865;736;624;670;834;754
18:05:25.325387;709449;320;838;867;740;627;661;822;739
18:05:25.330638;709459;370;842;870;744;630;650;809;722
18:05:25.334663;709469;418;846;873;749;635;634;793;704
18:05:25.341902;709479;463;849;875;754;640;615;771;681
18:05:25.344593;709489;505;853;879;761;644;594;745;654
18:05:25.349632;709499;542;856;881;766;648;566;713;619
18:05:25.360042;709509;575;859;883;772;652;532;675;579
18:05:25.362112;709519;604;862;886;777;656;487;633;538
18:05:25.364503;709529;629;866;888;782;659;440;586;492
18:05:25.365504;709539;651;868;891;788;659;397;537;446
18:05:25.399810;709549;668;870;893;793;656;358;490;402
18:05:25.411036;709559;683;872;896;798;648;323;446;363
18:05:25.413186;709569;697;873;897;804;636;292;405;329
18:05:25.415336;709579;708;874;899;808;618;264;366;297
18:05:25.418379;709589;718;874;900;813;590;238;331;269
18:05:25.457627;709599;727;874;901;817;560;216;299;243
18:05:25.466059;709609;736;874;902;820;531;195;270;220
18:05:25.471564;709619;744;874;904;822;497;176;245;199
18:05:25.478661;709629;749;871;904;823;455;159;221;180
18:05:25.480704;709639;754;868;904;823;411;144;200;163
18:05:25.549461;709649;758;864;904;818;372;130;181;148
18:05:25.557562;709659;761;858;904;805;336;118;164;134
18:05:25.559626;709669;765;851;904;790;304;107;150;122
18:05:25.564317;709679;766;839;898;764;275;96;143;110
18:05:25.566572;709689;765;827;891;726;249;87;143;100
18:05:25.574024;709699;761;813;883;677;226;78;145;90
18:05:25.585327;709709;751;796;873;624;205;71;151;82
18:05:25.594166;709719;730;773;858;571;186;64;147;74
18:05:25.594166;709729;695;745;838;526;168;59;133;68
18:05:25.597350;709739;646;703;807;482;153;52;120;61
18:05:25.599364;709749;588;653;771;442;139;47;108;55
18:05:25.615167;709759;531;597;729;403;125;43;98;50
18:05:25.615167;709769;480;540;679;366;114;39;88;45
18:05:25.624933;709779;435;489;621;332;102;35;80;41
18:05:25.632127;709789;393;441;561;300;93;32;73;38
18:05:25.635146;709799;356;399;507;271;85;29;74;34
18:05:25.659571;709809;321;361;458;245;76;27;83;31
18:05:25.672986;709819;291;326;414;222;69;25;88;28
18:05:25.678510;709829;263;296;375;201;62;22;96;25
18:05:25.682218;709839;238;267;339;182;56;21;105;23
18:05:25.685232;709849;216;242;307;165;51;18;114;20
18:05:25.702496;709859;196;219;278;149;46;16;122;18
18:05:25.707157;709869;177;199;252;136;42;15;134;17
18:05:25.708718;709879;160;180;228;123;38;13;146;15
18:05:25.714802;709889;145;163;207;111;34;12;159;14
18:05:25.717826;709899;132;147;188;100;31;10;172;12
18:05:25.776040;709909;119;134;170;91;28;9;183;11
18:05:25.776040;709919;108;121;154;82;25;8;191;10
18:05:25.792497;709929;98;110;139;75;23;8;198;9
18:05:25.794507;709939;89;99;126;68;21;7;203;8
18:05:25.795525;709949;80;90;115;61;19;6;208;7
18:05:25.800688;709959;73;81;104;55;17;5;211;7
18:05:25.802722;709969;66;74;94;50;15;5;212;7
18:05:25.802722;709979;60;67;87;45;14;4;212;7
18:05:25.807035;709989;54;61;83;41;12;4;211;6
18:05:25.814319;709999;49;55;84;37;11;4;209;5
18:05:25.875519;710009;45;50;86;34;10;3;204;5
18:05:25.875519;710019;40;45;90;30;9;3;198;5
18:05:25.883572;710029;36;41;94;28;8;2;191;4
18:05:25.887681;710039;33;37;101;24;7;2;182;4
18:05:25.893576;710049;30;34;106;23;6;2;174;3
18:05:25.898034;710059;27;30;113;20;6;1;165;2
18:05:25.909515;710069;25;28;118;18;5;1;155;3
18:05:25.912105;710079;22;25;123;16;4;1;144;2
18:05:25.914083;710089;20;22;126;15;4;1;133;1
18:05:25.915366;710099;18;20;130;14;3;1;120;1
18:05:25.957393;710109;16;18;134;12;3;0;109;1
18:05:25.959727;710119;15;17;139;11;2;0;98;1
18:05:25.959727;710129;13;15;145;10;2;0;88;1
18:05:25.959727;710139;12;14;153;9;2;0;80;1
18:05:25.966190;710149;11;12;163;8;2;0;72;1
18:05:26.014063;710159;10;11;172;7;1;0;65;0
18:05:26.030393;710169;8;10;180;6;1;0;59;1
18:05:26.033411;710179;8;9;189;6;1;0;54;0
18:05:26.037462;710189;7;8;198;5;0;0;48;0
18:05:26.038468;710199;6;7;207;4;0;0;44;0
18:05:26.058687;710209;5;6;217;4;0;0;40;0
18:05:26.058687;710219;5;6;225;3;0;0;36;0
18:05:26.069469;710229;4;5;233;3;0;0;33;0
18:05:26.071480;710239;3;5;241;3;0;0;30;0
18:05:26.078042;710249;3;4;250;2;0;0;27;0
18:05:26.160719;710259;2;4;257;2;0;0;28;0
18:05:26.167631;710269;2;3;264;2;0;0;44;0
18:05:26.167631;710279;1;3;268;1;0;0;90;3
18:05:26.167631;710289;1;2;268;1;0;0;168;30
18:05:26.176862;710299;1;2;267;0;0;3;316;104
18:05:26.179022;710309;1;2;279;1;0;60;550;257
18:05:26.181095;710319;2;1;311;0;0;151;713;438
18:05:26.183179;710329;2;1;345;0;29;253;806;584
18:05:26.185292;710339;2;1;370;8;64;342;851;671
18:05:26.187398;710349;2;0;394;25;102;415;873;724
18:05:26.225773;710359;1;0;425;51;146;479;885;758
18:05:26.225773;710369;1;0;455;90;189;531;892;780
18:05:26.225773;710379;0;1;484;142;235;573;898;797
18:05:26.225773;710389;0;0;509;195;275;606;901;808
18:05:26.242998;710399;0;0;533;249;311;634;905;817
18:05:26.259558;710409;0;0;556;297;342;656;908;824
18:05:26.261173;710419;0;1;575;341;368;675;910;830
18:05:26.263217;710429;0;9;594;382;390;689;912;834
18:05:26.265310;710439;0;24;606;420;410;702;914;840
18:05:26.267704;710449;0;43;619;450;424;710;914;840
18:05:26.313314;710459;0;64;632;475;435;718;915;843
18:05:26.314441;710469;0;85;644;497;445;724;916;845
18:05:26.317619;710479;0;106;654;516;454;729;917;847
18:05:26.319701;710489;0;126;662;535;463;733;917;848
18:05:26.321824;710499;0;145;671;552;473;736;918;850
18:05:26.326168;710509;0;160;678;568;482;738;918;851
18:05:26.378282;710519;0;175;685;583;491;740;919;852
18:05:26.381531;710529;0;188;692;596;499;742;919;853
18:05:26.381531;710539;0;205;698;607;506;743;919;855
18:05:26.381531;710549;0;223;703;616;511;745;919;856
18:05:26.388612;710559;0;242;708;623;515;747;920;856
18:05:26.425598;710569;0;263;714;629;517;750;920;857
18:05:26.425598;710579;0;285;720;635;519;752;920;857
18:05:26.432136;710589;0;308;726;638;520;755;922;859
18:05:26.434169;710599;0;332;731;642;520;757;920;858
18:05:26.436206;710609;0;358;737;646;521;759;921;859
18:05:26.493288;710619;0;384;744;648;522;760;921;859
18:05:26.493288;710629;0;408;751;651;523;762;921;859
18:05:26.500862;710639;0;432;758;653;525;764;922;861
18:05:26.502905;710649;0;456;763;654;525;763;921;859
18:05:26.504942;710659;0;481;768;656;527;764;920;860
18:05:26.527628;710669;0;508;773;658;530;765;920;860
18:05:26.529740;710679;0;532;779;660;533;765;920;860
18:05:26.530792;710689;0;555;784;663;536;765;919;860
18:05:26.530792;710699;0;578;791;667;541;764;919;859
18:05:26.530792;710709;0;601;799;671;549;762;917;859
18:05:26.575651;710719;0;626;808;678;557;759;915;858
18:05:26.575651;710729;0;651;817;686;567;754;913;857
18:05:26.575651;710739;0;677;825;696;579;748;909;854
18:05:26.575651;710749;0;703;833;705;591;739;905;850
18:05:26.575651;710759;0;727;841;714;603;728;899;845
18:05:26.611773;710769;0;749;848;722;614;715;893;838
18:05:26.611773;710779;8;768;855;729;623;696;887;827
18:05:26.618389;710789;33;785;861;736;633;670;879;816
18:05:26.620432;710799;66;799;866;742;642;634;870;805
18:05:26.622482;710809;106;811;871;748;651;593;860;794
18:05:26.676378;710819;152;822;875;755;659;544;847;780
18:05:26.678433;710829;201;830;878;761;665;492;832;769
18:05:26.678433;710839;248;837;881;767;670;443;813;756
18:05:26.682144;710849;292;843;883;772;674;400;789;739
18:05:26.684196;710859;331;848;885;777;678;361;761;721
18:05:26.735373;710869;365;853;887;782;684;326;725;704
18:05:26.739636;710879;396;856;889;785;687;295;684;685
18:05:26.746032;710889;425;860;890;789;687;266;634;664
18:05:26.747307;710899;454;863;891;791;685;240;576;640
18:05:26.748332;710909;483;866;892;794;679;217;520;612
18:05:26.810173;710919;513;868;893;796;670;197;469;582
18:05:26.816246;710929;541;869;895;799;657;178;424;552
18:05:26.818289;710939;566;869;896;803;643;161;382;525
18:05:26.818289;710949;586;868;897;805;618;145;346;507
18:05:26.821741;710959;602;865;898;809;593;132;313;503
18:05:26.824499;710969;616;862;899;812;570;119;283;498
18:05:26.825925;710979;631;859;899;815;547;108;256;493
18:05:26.828990;710989;644;854;900;816;519;97;231;489
18:05:26.831021;710999;656;848;900;816;491;88;209;487
18:05:26.833057;711009;665;842;900;815;460;80;189;485
18:05:26.879088;711019;674;836;900;814;422;72;172;485
18:05:26.879088;711029;681;830;900;812;380;65;155;481
18:05:26.889894;711039;687;824;898;807;344;59;141;474
18:05:26.893452;711049;692;818;897;800;311;53;128;460
18:05:26.898572;711059;698;811;896;789;282;48;115;443
18:05:26.910715;711069;698;801;889;766;255;44;104;422
18:05:26.910715;711079;699;790;883;739;231;40;95;403
18:05:26.920825;711089;698;778;875;704;209;36;86;385
18:05:26.922944;711099;695;766;867;662;190;32;77;366
18:05:26.926726;711109;689;753;859;614;171;29;70;344
18:05:26.984515;711119;679;744;849;563;155;26;64;321
18:05:26.988596;711129;666;735;833;514;142;24;58;296
18:05:26.995575;711139;647;724;813;466;128;22;52;269
18:05:27.002860;711149;620;709;789;422;115;20;47;243
18:05:27.010436;711159;588;686;759;382;104;18;43;220
18:05:27.026172;711169;554;658;729;346;95;16;39;203
18:05:27.026172;711179;516;622;700;313;86;14;36;195
18:05:27.030784;711189;477;578;669;283;78;13;32;194
18:05:27.033225;711199;439;527;639;256;70;12;29;201
18:05:27.034252;711209;401;476;608;232;64;11;26;214
18:05:27.076857;711219;362;430;576;210;58;10;24;230
18:05:27.076857;711229;328;389;547;190;52;8;22;245
18:05:27.093431;711239;296;352;521;172;48;8;18;258
18:05:27.095524;711249;268;318;494;156;43;7;18;270
18:05:27.098483;711259;243;288;472;141;39;6;16;279
18:05:27.161755;711269;220;260;453;128;35;6;14;286
18:05:27.165068;711279;199;236;435;116;32;5;13;292
18:05:27.169463;711289;181;214;420;105;29;4;12;297
18:05:27.171467;711299;164;193;407;95;26;4;11;301
18:05:27.174175;711309;149;175;395;86;23;3;10;304
18:05:27.174175;711319;135;158;386;78;21;3;9;308
18:05:27.208784;711329;123;143;378;70;19;3;8;313
18:05:27.213448;711339;111;130;370;64;17;2;7;317
18:05:27.214755;711349;100;117;363;58;16;2;6;321
18:05:27.221629;711359;90;106;357;52;14;2;6;325
18:05:27.227471;711369;82;97;352;47;13;1;5;330
18:05:27.240781;711379;74;88;350;43;11;1;5;335
18:05:27.240781;711389;67;80;349;39;10;1;5;340
18:05:27.240781;711399;60;73;349;35;9;1;8;346
18:05:27.247463;711409;55;67;350;32;8;1;14;352
18:05:27.251568;711419;50;59;354;28;7;0;23;359
18:05:27.281054;711429;45;54;358;25;7;0;32;364
18:05:27.282103;711439;41;49;362;23;6;0;42;371
18:05:27.284435;711449;37;45;366;21;5;0;53;375
18:05:27.286493;711459;34;40;369;19;5;0;65;380
18:05:27.287545;711469;30;36;374;17;4;0;75;383
18:05:27.324089;711479;27;32;378;16;4;0;85;386
18:05:27.329821;711489;25;30;385;14;3;0;94;387
18:05:27.333993;711499;23;26;393;14;2;0;101;388
18:05:27.338828;711509;20;24;402;12;1;0;107;388
18:05:27.340571;711519;18;22;412;10;1;0;112;389
18:05:27.377026;711529;17;20;423;10;1;0;115;388
18:05:27.377026;711539;15;18;433;9;1;0;114;387
18:05:27.392414;711549;14;16;445;8;1;0;113;385
18:05:27.396699;711559;12;15;456;7;1;0;112;382
18:05:27.400858;711569;11;13;466;7;1;0;111;380
18:05:27.424113;711579;10;12;476;6;1;0;111;378
18:05:27.443897;711589;9;11;485;6;1;0;116;379
18:05:27.445952;711599;8;10;492;5;0;0;121;380
18:05:27.449132;711609;7;9;501;4;0;0;128;382
18:05:27.452236;711619;6;8;512;3;0;0;136;386
18:05:27.507563;711629;6;12;529;3;0;0;142;388
18:05:27.525486;711639;5;25;549;2;0;0;146;389
18:05:27.528645;711649;4;46;567;2;1;0;147;391
18:05:27.531698;711659;4;74;588;2;0;0;148;390
18:05:27.533763;711669;3;104;610;4;1;0;148;385
18:05:27.542539;711679;2;137;630;12;0;0;148;377
18:05:27.561580;711689;3;173;650;27;0;0;148;367
18:05:27.566100;711699;2;214;669;52;0;0;147;357
18:05:27.570271;711709;2;254;689;87;0;0;144;347
18:05:27.576135;711719;2;297;709;133;0;0;140;337
18:05:27.579255;711729;2;340;728;185;10;0;135;326
18:05:27.590722;711739;1;385;745;241;33;0;131;317
18:05:27.594854;711749;1;429;761;297;68;0;138;312
18:05:27.596794;711759;1;473;776;350;110;0;172;315
18:05:27.598101;711769;0;516;789;398;156;0;228;326
18:05:27.598101;711779;0;555;800;442;202;0;289;347
18:05:27.660292;711789;0;588;809;484;252;0;348;373
18:05:27.663438;711799;1;616;817;525;299;0;400;399
18:05:27.664492;711809;6;640;824;561;342;0;445;424
18:05:27.664492;711819;13;657;829;594;381;0;483;447
18:05:27.664492;711829;26;672;834;624;416;0;510;467
18:05:27.687512;711839;43;688;840;650;446;0;528;484
18:05:27.689604;711849;65;702;844;672;473;0;534;494
18:05:27.690645;711859;90;714;848;690;496;0;533;499
18:05:27.694911;711869;116;725;854;706;517;0;528;498
18:05:27.696959;711879;141;734;856;720;536;0;521;497
18:05:27.743172;711889;165;740;860;734;554;0;515;500
18:05:27.745266;711899;185;746;863;747;572;0;513;505
18:05:27.747270;711909;204;750;865;758;590;0;511;513
18:05:27.747270;711919;220;754;868;766;605;0;514;522
18:05:27.755391;711929;236;758;870;774;619;0;522;533
18:05:27.780870;711939;251;763;872;779;631;0;537;547
18:05:27.780870;711949;267;770;873;784;641;0;561;565
18:05:27.786338;711959;280;775;875;787;649;0;595;589
18:05:27.788395;711969;292;780;876;790;655;0;632;615
18:05:27.790447;711979;299;784;877;792;661;0;671;643
18:05:27.830928;711989;302;788;877;794;667;0;707;670
18:05:27.830928;711999;300;791;878;795;671;0;735;694
18:05:27.837186;712009;294;793;878;796;675;0;759;716
18:05:27.839282;712019;286;794;878;796;678;0;779;735
18:05:27.840346;712029;277;795;879;797;680;0;795;751
18:05:27.897629;712039;268;796;878;797;681;0;810;766
18:05:27.897629;712049;259;796;878;796;682;0;823;779
18:05:27.908630;712059;250;797;878;795;683;0;834;789
18:05:27.911438;712069;242;799;878;794;683;0;844;798
18:05:27.913147;712079;233;800;878;793;684;0;852;806
18:05:27.960178;712089;224;801;877;790;681;0;858;812
18:05:27.962240;712099;213;801;877;788;679;4;864;818
18:05:27.963239;712109;201;802;877;787;677;8;868;822
18:05:27.964775;712119;188;800;874;782;673;16;873;826
18:05:27.964775;712129;172;800;873;779;669;24;878;831
18:05:27.974170;712139;156;798;872;776;665;32;882;834
18:05:27.989320;712149;141;796;870;773;662;40;886;838
18:05:27.992464;712159;128;793;869;769;658;48;889;840
18:05:27.995387;712169;115;789;866;766;653;56;891;844
18:05:27.997194;712179;104;783;864;762;648;64;893;845
18:05:28.097288;712189;94;777;862;757;642;72;895;847
18:05:28.097288;712199;84;771;859;753;637;80;898;849
18:05:28.108415;712209;76;762;857;749;631;87;899;851
18:05:28.111404;712219;69;754;854;746;627;94;900;853
18:05:28.115316;712229;62;745;852;742;623;100;902;855
18:05:28.122125;712239;57;736;849;738;619;105;904;857
18:05:28.127668;712249;52;728;846;735;616;108;904;858
18:05:28.131747;712259;47;718;843;731;612;110;905;860
18:05:28.136039;712269;43;708;840;726;608;109;905;860
18:05:28.138079;712279;39;697;837;721;604;108;905;861
18:05:28.165407;712289;35;686;833;716;599;106;905;861
18:05:28.167536;712299;32;674;829;709;595;104;904;861
18:05:28.167536;712309;29;662;826;702;590;101;904;860
18:05:28.171319;712319;26;648;822;695;586;99;903;860
18:05:28.173373;712329;23;631;819;690;583;97;904;861
18:05:28.191013;712339;20;614;814;684;579;95;904;860
18:05:28.193931;712349;19;596;808;678;576;94;904;861
18:05:28.196671;712359;16;575;801;674;573;93;904;859
18:05:28.198818;712369;15;553;795;670;571;93;904;859
18:05:28.200905;712379;13;530;788;668;570;94;905;859
18:05:28.259234;712389;12;507;781;666;570;95;906;859
18:05:28.262347;712399;11;485;776;665;569;95;906;860
18:05:28.262347;712409;10;466;771;663;569;97;906;860
18:05:28.262347;712419;9;449;768;662;569;99;907;860
18:05:28.273350;712429;8;435;765;661;570;101;907;860
18:05:28.289502;712439;7;424;764;661;570;103;907;860
18:05:28.291862;712449;6;415;764;661;571;106;907;859
18:05:28.292879;712459;5;408;765;662;573;108;907;859
18:05:28.297111;712469;5;405;767;663;575;109;906;858
18:05:28.299144;712479;4;405;770;665;578;108;904;856
18:05:28.301174;712489;4;409;774;668;581;107;901;853
18:05:28.340966;712499;3;417;779;672;584;104;898;850
18:05:28.340966;712509;3;427;783;676;588;99;892;846
18:05:28.352883;712519;2;439;787;679;592;93;884;841
18:05:28.356879;712529;2;452;791;682;595;86;876;835
18:05:28.361787;712539;2;466;795;685;599;77;867;827
18:05:28.410524;712549;1;480;798;689;603;69;856;817
18:05:28.412555;712559;1;494;802;691;606;62;840;803
18:05:28.413618;712569;1;508;806;694;609;56;818;783
18:05:28.413618;712579;0;522;809;698;612;50;786;757
18:05:28.413618;712589;0;534;813;701;615;45;738;728
18:05:28.464508;712599;0;546;816;705;615;40;678;692
18:05:28.466655;712609;0;555;820;707;612;36;612;646
18:05:28.466655;712619;0;562;824;711;603;33;554;600
18:05:28.466655;712629;0;566;824;711;584;29;499;556
18:05:28.466655;712639;0;567;826;712;556;26;450;517
18:05:28.507189;712649;0;564;827;711;524;24;407;483
18:05:28.509398;712659;0;558;827;705;492;21;368;451
18:05:28.512332;712669;0;549;826;694;462;19;332;422
18:05:28.514369;712679;0;538;822;682;434;17;301;396
18:05:28.516411;712689;0;526;814;672;403;16;272;373
18:05:28.561739;712699;0;511;805;663;368;15;246;352
18:05:28.564615;712709;0;495;796;652;333;14;222;331
18:05:28.566290;712719;0;477;788;638;301;12;201;310
18:05:28.568328;712729;0;460;782;621;273;11;182;289
18:05:28.569355;712739;0;443;777;601;247;9;165;270
18:05:28.607278;712749;0;424;770;582;224;8;150;252
18:05:28.625141;712759;0;406;763;564;202;7;135;235
18:05:28.627246;712769;0;389;758;549;183;7;123;219
18:05:28.630250;712779;0;373;756;539;166;5;112;204
18:05:28.633352;712789;0;360;756;534;151;4;102;191
18:05:28.649865;712799;0;352;758;535;136;4;92;177
18:05:28.652877;712809;0;343;760;537;123;3;84;164
18:05:28.659902;712819;0;337;763;544;112;3;76;152
18:05:28.662937;712829;0;336;769;553;101;2;69;141
18:05:28.664269;712839;0;336;773;565;92;2;62;129
18:05:28.699714;712849;0;341;779;578;83;2;56;121
18:05:28.699714;712859;0;348;787;591;75;1;51;113
18:05:28.707016;712869;0;353;791;602;68;1;45;109
18:05:28.711053;712879;0;360;797;612;62;1;41;105
18:05:28.712755;712889;0;367;801;620;56;1;37;103
18:05:28.766311;712899;0;374;805;627;51;0;34;101
18:05:28.766311;712909;0;381;809;633;46;0;31;99
18:05:28.766311;712919;0;387;812;640;42;0;28;97
18:05:28.774136;712929;0;393;815;646;38;0;25;94
18:05:28.779100;712939;0;397;817;651;34;0;23;93
18:05:28.799773;712949;0;399;818;657;31;0;21;92
18:05:28.801802;712959;0;399;819;663;28;0;19;91
18:05:28.801802;712969;0;399;820;670;25;0;17;91
18:05:28.801802;712979;0;399;821;680;22;0;15;91
18:05:28.807517;712989;0;402;821;689;29;0;14;89
18:05:28.874055;712999;0;406;822;699;41;0;13;87
18:05:28.874055;713009;0;410;822;710;59;0;12;85
18:05:28.874055;713019;0;416;822;719;80;0;10;83
18:05:28.894245;713029;0;420;820;726;103;0;9;81
18:05:28.898311;713039;0;426;818;731;128;0;8;80
18:05:28.929800;713049;0;431;815;735;153;0;8;79
18:05:28.929800;713059;0;435;811;740;179;0;7;79
18:05:28.934603;713069;0;439;807;746;208;0;6;79
18:05:28.936619;713079;0;443;803;751;236;0;5;80
18:05:28.942305;713089;0;447;798;756;264;0;5;81
18:05:28.979872;713099;0;450;790;756;288;0;4;83
18:05:28.979872;713109;0;451;782;754;310;0;4;86
18:05:28.992501;713119;0;448;771;745;328;0;3;89
18:05:28.996722;713129;0;440;756;728;338;0;3;93
18:05:28.997762;713139;0;437;742;708;347;0;3;97
18:05:29.007349;713149;0;438;729;685;360;0;2;102
18:05:29.007349;713159;0;443;720;661;386;0;10;142
18:05:29.020823;713169;0;454;716;640;408;0;217;275
18:05:29.023037;713179;0;468;718;620;422;0;491;438
18:05:29.024018;713189;0;481;718;601;427;6;661;554
18:05:29.064882;713199;0;482;712;582;427;15;753;625
18:05:29.073610;713209;0;471;701;564;425;21;799;670
18:05:29.076719;713219;0;451;688;550;423;23;824;700
18:05:29.078847;713229;0;424;676;536;422;24;839;721
18:05:29.081213;713239;0;395;664;524;421;22;846;735
18:05:29.115766;713249;0;365;652;512;421;20;851;745
18:05:29.115766;713259;0;336;642;502;421;18;854;753
18:05:29.121029;713269;0;310;633;495;423;16;859;761
18:05:29.123238;713279;0;287;625;490;425;14;864;769
18:05:29.124283;713289;0;268;620;486;427;13;868;775
18:05:29.130469;713299;0;252;617;482;427;13;872;782
18:05:29.164086;713309;0;239;614;477;427;15;873;783
18:05:29.174040;713319;0;229;611;473;425;18;875;785
18:05:29.180055;713329;0;222;610;468;423;23;877;787
18:05:29.180696;713339;0;218;609;465;420;31;878;789
18:05:29.180696;713349;0;215;609;461;417;39;880;790
18:05:29.237547;713359;0;217;611;459;414;48;881;791
18:05:29.273941;713369;0;221;616;458;412;58;883;793
18:05:29.281512;713379;0;231;620;458;411;69;886;795
18:05:29.286157;713389;0;245;627;458;408;78;885;794
18:05:29.290780;713399;0;262;635;459;408;88;885;794
18:05:29.297127;713409;0;281;643;463;409;98;885;794
18:05:29.302501;713419;0;302;651;468;413;107;884;794
18:05:29.306831;713429;0;322;660;475;418;114;883;794
18:05:29.310823;713439;0;344;668;483;424;120;882;794
18:05:29.312743;713449;0;364;677;492;431;125;881;794
18:05:29.374106;713459;0;386;686;503;437;131;881;795
18:05:29.384582;713469;0;407;696;513;445;136;880;795
18:05:29.386619;713479;0;429;706;522;452;141;879;795
18:05:29.393886;713489;0;452;716;530;460;145;878;794
18:05:29.396212;713499;0;475;724;537;467;146;876;794
18:05:29.398249;713509;0;498;732;545;473;144;873;792
18:05:29.400308;713519;0;518;739;552;480;138;868;790
18:05:29.400308;713529;0;534;745;560;489;130;864;788
18:05:29.403708;713539;0;548;751;570;499;121;860;786
18:05:29.405782;713549;0;559;756;581;510;112;857;785
18:05:29.424057;713559;0;569;762;592;521;102;854;783
18:05:29.427462;713569;0;577;767;603;531;93;851;782
18:05:29.429501;713579;0;585;771;614;540;84;850;781
18:05:29.431077;713589;0;592;776;625;548;77;849;780
18:05:29.433127;713599;0;598;779;633;555;72;849;779
18:05:29.473959;713609;0;604;782;642;560;67;849;779
18:05:29.479585;713619;0;609;786;649;565;64;851;781
18:05:29.483331;713629;0;611;787;655;568;60;850;780
18:05:29.485368;713639;0;614;789;660;572;58;851;780
18:05:29.487416;713649;0;617;790;666;576;55;851;781
18:05:29.557306;713659;0;619;793;670;580;53;852;781
18:05:29.557306;713669;0;621;795;675;584;50;852;781
18:05:29.570954;713679;0;623;797;680;587;47;852;781
18:05:29.572996;713689;0;624;799;685;591;46;851;781
18:05:29.578222;713699;0;626;801;690;595;44;851;782
18:05:29.585994;713709;0;628;804;695;598;43;851;782
18:05:29.588942;713719;0;631;806;698;601;43;851;782
18:05:29.590605;713729;0;634;807;702;603;44;850;781
18:05:29.594010;713739;0;637;810;704;604;45;850;780
18:05:29.597225;713749;0;641;811;706;604;47;850;780
18:05:29.618273;713759;0;645;813;706;602;50;851;780
18:05:29.624174;713769;0;650;814;704;600;53;852;781
18:05:29.629552;713779;0;654;815;702;597;58;854;782
18:05:29.631579;713789;0;658;815;700;595;65;855;783
18:05:29.631579;713799;0;663;817;699;592;71;857;784
